,humidity,rain,temperature,timestamp,hour,t_Delta,h_Delta,r_Delta
19,45.5,175,17,10,10,0.399999999999999,-1.7,-25
1176,50.1,101,19.7,10.008,10,0.100000000000001,0,-2
1347,75.3,107,10.1,10.016,10,0.200000000000001,0.400000000000006,-5
1970,62.5,220,9.9,10.02,10,0,5.2,0
587,60.5,130,8.2,10.031,10,0.100000000000001,1.5,-2
841,57.9,125,14.7,10.042,10,0.100000000000001,-1.5,0
1748,64.3,223,14.9,10.046,10,0.4,-3.3,-1
375,52.3,167,13.4,10.058,10,0.0999999999999996,-1.2,-11
473,36.4,125,15.3,10.061,10,-0.300000000000001,4.4,4
131,57.9,170,11.8,10.07,10,0.0999999999999996,-0.799999999999997,-15
717,65.4,129,7.9,10.073,10,0.4,1.89999999999999,0
241,55.2,174,16.3,10.073,10,0.0999999999999979,-0.400000000000006,2
1287,57.8,103,12.9,10.078,10,0.0999999999999996,-0.599999999999994,0
901,52.2,100,17.6,10.085,10,0.0999999999999979,-1.40000000000001,1
1471,74.8,223,13,10.086,10,0.300000000000001,-1.3,-4
20,43.8,150,17.4,10.086,10,0.100000000000001,-1.09999999999999,4
1348,75.7,102,10.3,10.102,10,0.199999999999999,-1.60000000000001,6
1971,67.7,220,9.9,10.106,10,0,-1.7,1
588,62,128,8.3,10.117,10,0.399999999999999,0.600000000000001,0
842,56.4,125,14.8,10.128,10,0.199999999999999,0.5,-1
1749,61,222,15.3,10.132,10,0.5,-0.200000000000003,0
376,51.1,156,13.5,10.144,10,-0.0999999999999996,-0.100000000000001,0
474,40.8,129,15,10.148,10,-0.0999999999999996,4.2,-5
132,57.1,155,11.9,10.158,10,0.0999999999999996,-1,2
242,54.8,176,16.4,10.159,10,0.200000000000003,-0.0999999999999943,-23
718,67.3,129,8.3,10.159,10,0.199999999999999,-2.2,-2
1288,57.2,103,13,10.164,10,0.0999999999999996,1.2,0
1472,73.5,219,13.3,10.172,10,-0.100000000000001,-1,3
2077,70.7,219,13.9,10.172,10,0.0999999999999996,-0.200000000000003,-1
21,42.7,154,17.5,10.172,10,0.399999999999999,-0.100000000000001,11
902,50.8,101,17.7,10.172,10,0.100000000000001,1.5,1
1177,50.1,99,19.8,10.182,10,0.5,-2.6,0
1349,74.1,108,10.5,10.189,10,0.0999999999999996,0.700000000000003,-5
1972,66,221,9.9,10.192,10,0,-4.9,-1
589,62.6,128,8.7,10.203,10,0.100000000000001,-1.7,-1
843,56.9,124,15,10.214,10,0.0999999999999996,-2.1,2
1750,60.8,222,15.8,10.22,10,0.0999999999999996,-0.199999999999996,0
377,51,156,13.4,10.23,10,0.4,0.200000000000003,13
475,45,124,14.9,10.234,10,-0.0999999999999996,1.7,2
133,56.1,157,12,10.244,10,0.300000000000001,1.8,-3
243,54.7,153,16.6,10.245,10,0.799999999999997,-2.1,3
719,65.1,127,8.5,10.245,10,0.0999999999999996,0.5,-1
1289,58.4,103,13.1,10.25,10,0.200000000000001,-1.5,-1
22,42.6,165,17.9,10.258,10,0.100000000000001,-0.700000000000003,-13
903,52.3,102,17.8,10.258,10,0.399999999999999,-2.09999999999999,0
1473,72.5,222,13.2,10.258,10,0.200000000000001,-0.299999999999997,-4
1178,47.5,99,20.3,10.268,10,0.0999999999999979,0.299999999999997,0
1350,74.8,103,10.6,10.276,10,0.5,-3.2,1
1973,61.1,220,9.9,10.278,10,0.199999999999999,-4.4,1
590,60.9,127,8.8,10.289,10,0,-0.600000000000001,4
844,54.8,126,15.1,10.3,10,0.200000000000001,0.200000000000003,0
1751,60.6,222,15.9,10.306,10,-0.300000000000001,0.399999999999999,1
378,51.2,169,13.8,10.316,10,0.199999999999999,-0.900000000000006,-13
476,46.7,126,14.8,10.319,10,-0.100000000000001,1.2,-1
134,57.9,154,12.3,10.33,10,0.0999999999999996,-2,23
244,52.6,156,17.4,10.331,10,-0.0999999999999979,-0.300000000000004,16
720,65.6,126,8.6,10.331,10,0,0.800000000000011,3
1290,56.9,102,13.3,10.336,10,0.199999999999999,0,1
1474,72.2,218,13.4,10.344,10,0.5,-1.10000000000001,7
23,41.9,152,18,10.344,10,0.199999999999999,-1.2,20
1179,47.8,99,20.4,10.354,10,0,-1.3,0
1351,71.6,104,11.1,10.362,10,0.300000000000001,-0.799999999999997,-2
1974,56.7,221,10.1,10.366,10,0.0999999999999996,7.3,-2
591,60.3,131,8.8,10.376,10,0,-0.0999999999999943,-5
845,55,126,15.3,10.386,10,0,-0.200000000000003,-1
1752,61,223,15.6,10.392,10,0.300000000000001,-2,5
477,47.9,125,14.7,10.406,10,-0.199999999999999,-0.699999999999996,1
135,55.9,177,12.4,10.416,10,0.299999999999999,-1.3,-16
245,52.3,172,17.3,10.417,10,0.5,-1.09999999999999,-3
721,66.4,129,8.6,10.418,10,0.6,-0.900000000000006,-1
1291,56.9,103,13.5,10.423,10,0.4,-0.399999999999999,-1
24,40.7,172,18.2,10.43,10,0,-0.400000000000006,1
1475,71.1,225,13.9,10.43,10,0,1.5,-4
904,50.2,102,18.2,10.433,10,0.300000000000001,0.0999999999999943,0
1180,46.5,99,20.4,10.44,10,-0.199999999999999,2.2,0
1352,70.8,102,11.4,10.448,10,0.0999999999999996,0,2
1975,64,219,10.2,10.452,10,0.200000000000001,-1.8,3
592,60.2,126,8.8,10.462,10,0.199999999999999,-1.5,0
846,54.8,125,15.3,10.473,10,0.299999999999999,0.300000000000004,0
1753,59,228,15.9,10.478,10,-0.300000000000001,0.700000000000003,-6
478,47.2,126,14.5,10.492,10,-0.0999999999999996,1.59999999999999,-1
136,54.6,161,12.7,10.502,10,0,0,4
246,51.2,169,17.8,10.503,10,-0.300000000000001,0.0999999999999943,6
722,65.5,128,9.2,10.504,10,0.4,-0.799999999999997,-2
1292,56.5,102,13.9,10.509,10,-0.200000000000001,1,1
25,40.3,173,18.2,10.516,10,-0.0999999999999979,0.400000000000006,4
1476,72.6,221,13.9,10.516,10,0.9,-3.39999999999999,2
905,50.3,102,18.5,10.524,11,0.100000000000001,-1.59999999999999,-3
1353,70.8,104,11.5,10.534,11,0.0999999999999996,-0.899999999999992,-2
1976,62.2,222,10.4,10.538,11,0.0999999999999996,1.3,-1
593,58.7,126,9,10.548,11,0.0999999999999996,-0.900000000000006,2
847,55.1,125,15.6,10.558,11,0.0999999999999996,-1,0
1754,59.7,222,15.6,10.565,11,-0.199999999999999,0,2
379,50.3,156,14,10.575,11,-0.0999999999999996,0.5,15
479,48.8,125,14.4,10.578,11,0.4,0.900000000000006,0
247,51.3,175,17.5,10.589,11,0,0.300000000000004,0
137,54.6,165,12.7,10.589,11,0.200000000000001,-0.300000000000004,-3
723,64.7,126,9.6,10.59,11,0.6,-3.1,1
1293,57.5,103,13.7,10.595,11,0.4,0,0
26,40.7,177,18.1,10.602,11,-0.200000000000003,-0.800000000000004,-25
906,48.7,99,18.6,10.611,11,0.299999999999997,0.5,1
1181,48.7,99,20.2,10.614,11,0.100000000000001,-1.1,1
1354,69.9,102,11.6,10.62,11,0.300000000000001,-3.90000000000001,2
1977,63.5,221,10.5,10.624,11,0,-0.799999999999997,0
594,57.8,128,9.1,10.634,11,0.200000000000001,0.300000000000004,-3
848,54.1,125,15.7,10.644,11,0.200000000000001,-1.5,0
1755,59.7,224,15.4,10.651,11,0.299999999999999,0.599999999999994,-3
380,50.8,171,13.9,10.661,11,0.199999999999999,-0.299999999999997,-20
480,49.7,125,14.8,10.664,11,-0.300000000000001,0.699999999999996,0
248,51.6,175,17.5,10.675,11,0.100000000000001,0.100000000000001,-27
138,54.3,162,12.9,10.675,11,0.199999999999999,0.600000000000001,8
724,61.6,127,10.2,10.677,11,0.300000000000001,-0.700000000000003,0
1294,57.5,103,14.1,10.682,11,0.300000000000001,0.700000000000003,-1
27,39.9,152,17.9,10.688,11,-0.199999999999999,0.200000000000003,-1
1477,69.2,223,14.8,10.689,11,0.0999999999999996,1,0
907,49.2,100,18.9,10.696,11,0.200000000000003,-1.7,1
1182,47.6,100,20.3,10.7,11,-0.100000000000001,-0.100000000000001,-1
1355,66,104,11.9,10.706,11,0.799999999999999,-0.0999999999999943,-1
1978,62.7,221,10.5,10.71,11,0.300000000000001,-0.600000000000001,-2
595,58.1,125,9.3,10.72,11,0.0999999999999996,-0.899999999999999,3
849,52.6,125,15.9,10.732,11,0.200000000000001,-0.200000000000003,-1
381,50.5,151,14.1,10.747,11,0.300000000000001,0.799999999999997,18
481,50.4,125,14.5,10.75,11,-0.0999999999999996,-0.600000000000001,-1
139,54.9,170,13.1,10.761,11,0,-1.6,-16
249,51.7,148,17.6,10.761,11,-0.100000000000001,1.59999999999999,25
725,60.9,127,10.5,10.763,11,0.0999999999999996,-1.2,1
1295,58.2,102,14.4,10.768,11,0.299999999999999,-5.2,1
28,40.1,151,17.7,10.774,11,0.100000000000001,1,4
1478,70.2,223,14.9,10.774,11,0,0.0999999999999943,0
908,47.5,101,19.1,10.783,11,0.299999999999997,-0.799999999999997,1
1183,47.5,99,20.2,10.786,11,0.100000000000001,1.5,2
1356,65.9,103,12.7,10.792,11,0.100000000000001,-2.8,1
1979,62.1,219,10.8,10.796,11,0.0999999999999996,-2.7,3
596,57.2,128,9.4,10.806,11,0.0999999999999996,-1.3,-1
850,52.4,124,16.1,10.818,11,0.199999999999999,-1.3,0
1756,60.3,221,15.7,10.825,11,0.200000000000001,-0.299999999999997,1
382,51.3,169,14.4,10.833,11,0.299999999999999,-2.3,1
482,49.8,124,14.4,10.836,11,-0.200000000000001,0.5,2
140,53.3,154,13.1,10.847,11,0.0999999999999996,-0.299999999999997,4
250,53.3,173,17.5,10.847,11,0.199999999999999,-1.5,-1
726,59.7,128,10.6,10.849,11,0.4,1.09999999999999,-3
1296,53,103,14.7,10.854,11,0.100000000000001,-0.100000000000001,0
29,41.1,155,17.8,10.859,11,0.199999999999999,-0.800000000000004,20
1479,70.3,223,14.9,10.861,11,0.299999999999999,-2.09999999999999,-1
909,46.7,102,19.4,10.868,11,0.200000000000003,-2.1,-1
1184,49,101,20.3,10.872,11,0.199999999999999,-1.1,-1
1357,63.1,104,12.8,10.878,11,0.399999999999999,-0.700000000000003,0
1980,59.4,222,10.9,10.883,11,0.299999999999999,-3.4,-2
597,55.9,127,9.5,10.892,11,0.300000000000001,0.800000000000004,-1
851,51.1,124,16.3,10.904,11,0.199999999999999,-0.600000000000001,-1
1757,60,222,15.9,10.911,11,0.499999999999998,-1.8,-3
483,50.3,126,14.2,10.922,11,0,0.900000000000006,-1
251,51.8,172,17.7,10.933,11,0.300000000000001,-0.299999999999997,2
141,53,158,13.2,10.933,11,0.100000000000001,0,-1
727,60.8,125,11,10.935,11,0.0999999999999996,-1.5,2
1297,52.9,103,14.8,10.941,11,0.0999999999999996,-0.299999999999997,0
30,40.3,175,18,10.946,11,0.100000000000001,0.900000000000006,-3
1480,68.2,222,15.2,10.946,11,0.300000000000001,0,9
910,44.6,101,19.6,10.954,11,0.0999999999999979,1.7,-4
1185,47.9,100,20.5,10.958,11,0.300000000000001,0.300000000000004,0
1358,62.4,104,13.2,10.964,11,0.100000000000001,0.200000000000003,1
1981,56,220,11.2,10.968,11,0,0.100000000000001,1
598,56.7,126,9.8,10.979,11,0.299999999999999,-1.8,1
852,50.5,123,16.5,10.99,11,0,0.299999999999997,0
1758,58.2,219,16.4,10.997,11,0.5,-1.90000000000001,6
383,49,170,14.7,11.005,11,-0.199999999999999,1.4,7
484,51.2,125,14.2,11.008,11,0.200000000000001,0,2
252,51.5,174,18,11.019,11,0,0.200000000000003,-22
142,53,157,13.3,11.019,11,0,-1.6,13
728,59.3,127,11.1,11.021,11,0.5,-0.599999999999994,-1
1298,52.6,103,14.9,11.028,11,0.699999999999999,-1.9,-1
31,41.2,172,18.1,11.032,11,0.199999999999999,-1.6,2
1481,68.2,231,15.5,11.033,11,0.300000000000001,-1.2,-9
911,46.3,97,19.7,11.04,11,0.5,-2,2
1186,48.2,100,20.8,11.044,11,0.399999999999999,-1.8,0
1359,62.6,105,13.3,11.05,11,0.299999999999999,-0.800000000000004,-2
1982,56.1,221,11.2,11.055,11,0.100000000000001,-1.2,-1
599,54.9,127,10.1,11.065,11,-0.0999999999999996,-1.5,-1
853,50.8,123,16.5,11.076,11,0.199999999999999,-1,0
1759,56.3,225,16.9,11.083,11,-0.0999999999999979,-0.399999999999999,-3
384,50.4,177,14.5,11.091,11,0.300000000000001,1,-7
485,51.2,127,14.4,11.094,11,-0.5,2,-1
253,51.7,152,18,11.105,11,0.600000000000001,-1.8,11
143,51.4,170,13.3,11.105,11,0.299999999999999,-1.9,-8
729,58.7,126,11.6,11.107,11,0,-0.5,0
32,39.6,174,18.3,11.117,11,0,1.5,-7
1482,67,222,15.8,11.12,11,0.5,-1.2,13
912,44.3,99,20.2,11.126,11,-0.199999999999999,0.5,1
1187,46.4,100,21.2,11.13,11,-0.0999999999999979,1,0
1360,61.8,103,13.6,11.136,11,0.200000000000001,-2.8,0
1983,54.9,220,11.3,11.144,11,-0.100000000000001,6,-1
600,53.4,126,10,11.152,11,0,1.4,0
854,49.8,123,16.7,11.162,11,0.300000000000001,-0.0999999999999943,0
1760,55.9,222,16.8,11.169,11,-0.199999999999999,0.399999999999999,0
385,51.4,170,14.8,11.177,11,-0.100000000000001,-1.1,-3
486,53.2,126,13.9,11.18,11,-0.0999999999999996,1,-1
144,49.5,162,13.6,11.191,11,0,0,-8
254,49.9,163,18.6,11.192,11,0.399999999999999,-1.1,-10
730,58.2,126,11.6,11.194,11,0.4,0.599999999999994,0
1299,50.7,102,15.6,11.2,11,0.0999999999999996,-0.100000000000001,1
33,41.1,167,18.3,11.204,11,0,2,6
1483,65.8,235,16.3,11.206,11,0.300000000000001,-2.7,-12
913,44.8,100,20,11.212,11,0,1.3,-1
1188,47.4,100,21.1,11.216,11,0,-1.1,-2
1361,59,103,13.8,11.222,11,0.299999999999999,-1,2
1984,60.9,219,11.2,11.23,11,0.300000000000001,-1.9,1
601,54.8,126,10,11.239,11,0.5,-0.0999999999999943,-1
855,49.7,123,17,11.248,11,0.399999999999999,-1.5,1
487,54.2,125,13.8,11.266,11,0,-0.300000000000004,0
145,49.5,154,13.6,11.277,11,0.4,-1.8,16
255,48.8,153,19,11.279,11,0,0,1
731,58.8,126,12,11.28,11,0.800000000000001,-3.09999999999999,0
34,43.1,173,18.3,11.289,11,0.0999999999999979,-1.5,-21
1484,63.1,223,16.6,11.292,11,0.399999999999999,-0.5,5
914,46.1,99,20,11.298,11,0.100000000000001,-0.100000000000001,2
1362,58,105,14.1,11.308,11,-0.0999999999999996,0.899999999999999,-1
1985,59,220,11.5,11.316,11,0.0999999999999996,-5.7,0
602,54.7,125,10.5,11.325,11,-0.0999999999999996,-0.400000000000006,2
1761,56.3,222,16.6,11.344,11,-0.600000000000001,4.8,0
488,53.9,125,13.8,11.352,11,-0.200000000000001,-0.299999999999997,-1
146,47.7,170,14,11.363,11,-0.199999999999999,1,2
256,48.8,154,19,11.364,11,0,-0.399999999999999,20
732,55.7,126,12.8,11.366,11,0.199999999999999,-1.90000000000001,-1
35,41.6,152,18.4,11.376,11,-0.199999999999999,1.5,2
1485,62.6,228,17,11.378,11,-0.100000000000001,-0.899999999999999,-3
915,46,101,20.1,11.384,11,0.299999999999997,-1.4,-1
1363,58.9,104,14,11.395,11,0.300000000000001,-0.699999999999996,-1
1986,53.3,220,11.6,11.402,11,-0.0999999999999996,4.8,0
603,54.3,127,10.4,11.412,11,-0.0999999999999996,-1.8,0
856,48.2,124,17.4,11.423,11,0.200000000000003,0.399999999999999,0
1762,61.1,222,16,11.43,11,0.100000000000001,0.199999999999996,0
386,50.3,167,14.7,11.435,11,-0.5,0.300000000000004,-15
489,53.6,124,13.6,11.439,11,0.0999999999999996,0.5,1
147,48.7,172,13.8,11.449,11,0.399999999999999,-3.40000000000001,-13
257,48.4,174,19,11.45,11,-0.300000000000001,-0.299999999999997,-5
733,53.8,125,13,11.452,11,0.199999999999999,-0.199999999999996,0
36,43.1,154,18.2,11.462,11,-0.199999999999999,0.600000000000001,-2
1486,61.7,225,16.9,11.464,11,0.100000000000001,-0.300000000000004,-1
916,44.6,100,20.4,11.47,11,-0.0999999999999979,-0.800000000000004,0
1189,46.3,98,21.1,11.478,11,-0.200000000000003,-0.299999999999997,2
1364,58.2,103,14.3,11.481,11,0.299999999999999,-2.8,0
1987,58.1,220,11.5,11.489,11,0.9,-8,1
604,52.5,127,10.3,11.499,11,0.299999999999999,0.700000000000003,-1
857,48.6,124,17.6,11.509,12,0,-0.100000000000001,0
1763,61.3,222,16.1,11.516,12,0,0.300000000000004,1
490,54.1,125,13.7,11.525,12,0.300000000000001,-0.200000000000003,0
148,45.3,159,14.2,11.535,12,0.100000000000001,3.40000000000001,13
734,53.6,125,13.2,11.538,12,0.4,-2,-1
258,48.1,169,18.7,11.539,12,0.199999999999999,0.299999999999997,4
37,43.7,152,18,11.548,12,-0.199999999999999,0.399999999999999,18
1487,61.4,224,17,11.55,12,0.5,-1.2,-6
917,43.8,100,20.3,11.556,12,0.0999999999999979,-0.899999999999999,1
1190,46,100,20.9,11.564,12,0.100000000000001,-0.700000000000003,0
1365,55.4,103,14.6,11.567,12,0.300000000000001,0.200000000000003,0
1988,50.1,221,12.4,11.575,12,0,1.8,-1
605,53.2,126,10.6,11.585,12,0.200000000000001,-0.5,2
858,48.5,124,17.6,11.595,12,0.199999999999999,-0.700000000000003,0
1764,61.6,223,16.1,11.602,12,0.899999999999999,-1.2,0
387,50.6,152,14.2,11.607,12,0.300000000000001,-1,0
491,53.9,125,14,11.611,12,-0.4,1.4,0
149,48.7,172,14.3,11.621,12,0.0999999999999996,-5.1,-19
259,48.4,173,18.9,11.624,12,0.200000000000003,0.100000000000001,1
735,51.6,124,13.6,11.624,12,0.6,-4.5,0
1300,50.6,103,15.7,11.63,12,0.200000000000001,-0.600000000000001,0
38,44.1,170,17.8,11.634,12,0,1.1,-10
1488,60.2,218,17.5,11.637,12,0.5,-1.90000000000001,-1
918,42.9,101,20.4,11.642,12,0.100000000000001,1.7,-2
1191,45.3,100,21,11.65,12,0.100000000000001,-0.399999999999999,1
1366,55.6,103,14.9,11.653,12,0.4,-3,0
1989,51.9,220,12.4,11.661,12,0.4,2.7,1
606,52.7,128,10.8,11.672,12,0.0999999999999996,-0.800000000000004,-3
859,47.8,124,17.8,11.681,12,0,0.400000000000006,-1
1765,60.4,223,17,11.688,12,-0.5,-0.600000000000001,-5
388,49.6,152,14.5,11.693,12,0,-0.399999999999999,6
492,55.3,125,13.6,11.697,12,0.700000000000001,0.100000000000001,1
150,43.6,153,14.4,11.707,12,0.4,-0.5,17
736,47.1,124,14.2,11.71,12,0.5,-1.6,1
260,48.5,174,19.1,11.71,12,0.599999999999998,-2.4,-6
1301,50,103,15.9,11.716,12,-0.4,1.1,-1
39,45.2,160,17.8,11.72,12,0.399999999999999,-1.40000000000001,-8
1489,58.3,217,18,11.723,12,-0.100000000000001,-2.09999999999999,6
919,44.6,99,20.5,11.728,12,0,-0.399999999999999,0
1367,52.6,103,15.3,11.74,12,0.0999999999999996,1.8,0
1990,54.6,221,12.8,11.747,12,-0.200000000000001,0.399999999999999,1
607,51.9,125,10.9,11.76,12,0.199999999999999,-5.2,1
860,48.2,123,17.8,11.767,12,0.399999999999999,-0.800000000000004,1
1766,59.8,218,16.5,11.774,12,-0.300000000000001,0.100000000000001,5
389,49.2,158,14.5,11.779,12,0.199999999999999,-0.400000000000006,15
493,55.4,126,14.3,11.783,12,-0.200000000000001,-0.5,-2
151,43.1,170,14.8,11.794,12,-0.200000000000001,-0.200000000000003,-18
737,45.5,125,14.7,11.797,12,0,-3.1,-2
261,46.1,168,19.7,11.798,12,0.199999999999999,-1.8,-7
40,43.8,152,18.2,11.806,12,0.400000000000002,-0.199999999999996,-2
1490,56.2,223,17.9,11.809,12,0.600000000000001,-1.90000000000001,0
920,44.2,99,20.5,11.816,12,0.199999999999999,-1.6,1
1192,44.9,101,21.1,11.824,12,-6.1,-6.5,-5
1368,54.4,103,15.4,11.826,12,0,-1.3,2
1991,55,222,12.6,11.833,12,0.4,-4,-2
608,46.7,126,11.1,11.846,12,0.0999999999999996,1.8,5
861,47.4,124,18.2,11.852,12,0.199999999999999,-0.600000000000001,-1
1767,59.9,223,16.2,11.86,12,-0.0999999999999979,1.5,0
390,48.8,173,14.7,11.865,12,0,-0.0999999999999943,-7
494,54.9,124,14.1,11.869,12,0.200000000000001,1.6,0
152,42.9,152,14.6,11.88,12,0,1.4,6
738,42.4,123,14.7,11.884,12,0.5,1.3,2
262,44.3,161,19.9,11.884,12,-0.0999999999999979,0.5,-9
41,43.6,150,18.6,11.893,12,0.199999999999999,0.100000000000001,5
1491,54.3,223,18.5,11.895,12,-0.199999999999999,-0.699999999999996,3
921,42.6,100,20.7,11.902,12,0,0.299999999999997,0
1369,53.1,105,15.4,11.912,12,0.299999999999999,-0.399999999999999,0
1992,51,220,13,11.919,12,-0.0999999999999996,6.1,-1
609,48.5,131,11.2,11.932,12,0,-1.8,-6
862,46.8,123,18.4,11.939,12,0.100000000000001,-0.799999999999997,-1
1768,61.4,223,16.1,11.946,12,-0.600000000000001,1.8,0
391,48.7,166,14.7,11.951,12,0.200000000000001,-1.1,-10
495,56.5,124,14.3,11.955,12,-0.5,0.399999999999999,1
153,44.3,158,14.6,11.966,12,0.200000000000001,-0.899999999999999,13
263,44.8,152,19.8,11.97,12,0,1.3,17
739,43.7,125,15.2,11.97,12,0,0,-1
42,43.7,155,18.8,11.979,12,0.0999999999999979,-0.200000000000003,8
1492,53.6,226,18.3,11.981,12,-0.300000000000001,-0.300000000000004,-5
922,42.9,100,20.7,11.988,12,0,0.300000000000004,1
1370,52.7,105,15.7,11.998,12,0.699999999999999,-1.3,2
1993,57.1,219,12.9,12.005,12,0.5,-6.2,1
610,46.7,125,11.2,12.02,12,0.100000000000001,-1.7,-1
863,46,122,18.5,12.025,12,0.199999999999999,1.3,2
392,47.6,156,14.9,12.037,12,0.0999999999999996,1.9,14
496,56.9,125,13.8,12.041,12,0.199999999999999,0.5,3
154,43.4,171,14.8,12.052,12,0.0999999999999996,-0.100000000000001,-2
264,46.1,169,19.8,12.056,12,-0.100000000000001,-1.9,3
740,43.7,124,15.2,12.058,12,0.300000000000001,-1.6,1
43,43.5,163,18.9,12.065,12,0.100000000000001,0.299999999999997,-12
1493,53.3,221,18,12.067,12,0.5,0.600000000000001,1
923,43.2,101,20.7,12.074,12,0.5,0.699999999999996,-1
1371,51.4,107,16.4,12.084,12,-0.0999999999999979,0.100000000000001,-2
1994,50.9,220,13.4,12.091,12,-0.4,0.5,-1
611,45,124,11.3,12.106,12,0.399999999999999,3.3,3
864,47.3,124,18.7,12.111,12,0,-1.2,1
1769,63.2,223,15.5,12.12,12,-0.0999999999999996,0.899999999999992,0
393,49.5,170,15,12.123,12,-0.0999999999999996,-0.100000000000001,-19
497,57.4,128,14,12.127,12,0,-0.899999999999999,-3
155,43.3,169,14.9,12.138,12,-0.0999999999999996,1.40000000000001,2
265,44.2,172,19.7,12.144,12,0.100000000000001,0.899999999999999,1
741,42.1,125,15.5,12.145,12,-0.300000000000001,1.8,0
44,43.8,151,19,12.151,12,0.100000000000001,-0.399999999999999,19
1494,53.9,222,18.5,12.154,12,0.300000000000001,-1.9,3
924,43.9,100,21.2,12.16,12,0.300000000000001,-1.4,-1
1372,51.5,105,16.3,12.17,12,0.0999999999999979,-0.399999999999999,0
1995,51.4,219,13,12.178,12,0.199999999999999,8,2
612,48.3,127,11.7,12.193,12,0.200000000000001,-1.4,-1
865,46.1,125,18.7,12.2,12,0,-0.800000000000004,-2
1770,64.1,223,15.4,12.206,12,-5,34.4,-10
394,49.4,151,14.9,12.209,12,0.5,-3.3,20
498,56.5,125,14,12.214,12,-0.699999999999999,-2.2,2
156,44.7,171,14.8,12.224,12,0.199999999999999,-0.5,1
266,45.1,173,19.8,12.23,12,-0.100000000000001,0.199999999999996,-19
742,43.9,125,15.2,12.231,12,0.100000000000001,-3.8,1
1302,51.1,102,15.5,12.232,12,0.800000000000001,-0.399999999999999,0
45,43.4,170,19.1,12.238,12,0.0999999999999979,1,1
1495,52,225,18.8,12.24,12,0.399999999999999,-1.9,-3
925,42.5,99,21.5,12.246,12,0,-1.1,1
1373,51.1,105,16.4,12.256,12,0,0.199999999999996,0
1996,59.4,221,13.2,12.264,12,0.100000000000001,-2.4,0
613,46.9,126,11.9,12.278,12,0.299999999999999,-2.4,0
866,45.3,123,18.7,12.286,12,0.100000000000001,0.400000000000006,0
499,54.3,127,13.3,12.3,12,-0.300000000000001,0.900000000000006,-1
157,44.2,172,15,12.31,12,0.0999999999999996,0.199999999999996,-19
267,45.3,154,19.7,12.316,12,0,0.5,-2
743,40.1,126,15.3,12.318,12,0.800000000000001,-2.5,-2
1303,50.7,102,16.3,12.319,12,0.0999999999999979,-3.2,0
46,44.4,171,19.2,12.323,12,0.100000000000001,-0.899999999999999,-12
1496,50.1,222,19.2,12.326,12,-0.199999999999999,1.3,1
926,41.4,100,21.5,12.332,12,0.199999999999999,-2.2,-1
1374,51.3,105,16.4,12.342,12,0.300000000000001,-1.5,1
1997,57,221,13.3,12.349,12,0.0999999999999996,-6.4,-1
614,44.5,126,12.2,12.364,12,0.300000000000001,-0.100000000000001,-2
867,45.7,123,18.8,12.372,12,0,2.59999999999999,0
500,55.2,126,13,12.386,12,-0.300000000000001,0,0
158,44.4,153,15.1,12.396,12,-0.0999999999999996,2.4,12
268,45.8,152,19.7,12.402,12,-0.0999999999999979,0.800000000000004,24
744,37.6,124,16.1,12.404,12,0.0999999999999979,2.9,-1
1304,47.5,102,16.4,12.405,12,0.300000000000001,-0.299999999999997,0
47,43.5,159,19.3,12.409,12,0.0999999999999979,0.299999999999997,7
1497,51.4,223,19,12.412,12,0.600000000000001,-8.5,-10
927,39.2,99,21.7,12.418,12,0.100000000000001,-2.3,2
1998,50.6,220,13.4,12.436,12,-0.0999999999999996,1.9,2
615,44.4,124,12.5,12.451,12,0.199999999999999,-1.9,3
868,48.3,123,18.8,12.458,12,0.399999999999999,-3.3,-1
501,55.2,126,12.7,12.472,12,0.200000000000001,-1.40000000000001,-1
159,46.8,165,15,12.482,12,0.199999999999999,-2.8,1
269,46.6,176,19.6,12.488,12,0,-1,-24
745,40.5,123,16.2,12.49,12,-0.299999999999999,-1.1,3
1305,47.2,102,16.7,12.494,12,-0.699999999999999,0.199999999999996,-1
48,43.8,166,19.4,12.495,12,0.200000000000003,0.600000000000001,4
1498,42.9,213,19.6,12.499,12,0.299999999999997,-2.1,10
928,36.9,101,21.8,12.504,12,-0.199999999999999,0.300000000000004,-2
1375,49.8,106,16.7,12.516,12,0.199999999999999,-0.0999999999999943,0
1999,52.5,222,13.3,12.523,13,0.299999999999999,-3.2,0
616,42.5,127,12.7,12.537,13,-0.0999999999999996,-0.100000000000001,0
869,45,122,19.2,12.544,13,0.100000000000001,-0.100000000000001,0
395,46.1,171,15.4,12.554,13,0.199999999999999,-0.899999999999999,-14
502,53.8,125,12.9,12.558,13,-0.0999999999999996,0.100000000000001,1
160,44,166,15.2,12.568,13,0.200000000000001,-0.200000000000003,-14
270,45.6,152,19.6,12.574,13,0.0999999999999979,-0.300000000000004,0
746,39.4,126,15.9,12.576,13,0.6,-2,-3
1306,47.4,101,16,12.581,13,0.199999999999999,1.6,0
49,44.4,170,19.6,12.581,13,0.0999999999999979,-2.1,-15
1499,40.8,223,19.9,12.585,13,0.300000000000001,-1.7,-1
929,37.2,99,21.6,12.59,13,0.0999999999999979,-0.800000000000004,0
1376,49.7,106,16.9,12.602,13,0,-1.5,-1
2000,49.3,222,13.6,12.609,13,0.0999999999999996,4.40000000000001,-1
617,42.4,127,12.6,12.623,13,0.4,0.300000000000004,-2
870,44.9,122,19.3,12.63,13,0,1.9,0
396,45.2,157,15.6,12.64,13,0.300000000000001,1,15
503,53.9,126,12.8,12.644,13,-0.200000000000001,0.899999999999999,0
161,43.8,152,15.4,12.654,13,-0.200000000000001,-1.9,1
271,45.3,152,19.7,12.66,13,0.400000000000002,2.40000000000001,18
747,37.4,123,16.5,12.662,13,-0.199999999999999,1.3,0
1307,49,101,16.2,12.666,13,0.300000000000001,-2.5,-1
50,42.3,155,19.7,12.667,13,0.100000000000001,-1.4,15
1500,39.1,222,20.2,12.672,13,0.100000000000001,-0.300000000000004,1
930,36.4,99,21.7,12.676,13,0,1.3,1
1377,48.2,105,16.9,12.688,13,0.100000000000001,1.7,1
2001,53.7,221,13.7,12.696,13,0.100000000000001,-5.1,0
618,42.7,125,13,12.709,13,0.300000000000001,-0.400000000000006,-2
871,46.8,122,19.3,12.716,13,0.199999999999999,-0.5,0
397,46.2,172,15.9,12.726,13,-0.4,1.4,1
504,54.8,126,12.6,12.73,13,-0.5,0.200000000000003,0
162,41.9,153,15.2,12.74,13,0.100000000000001,-0.299999999999997,4
272,47.7,170,20.1,12.746,13,0.299999999999997,-2.90000000000001,0
748,38.7,123,16.3,12.748,13,0,0,0
1308,46.5,100,16.5,12.752,13,0.399999999999999,-0.100000000000001,1
51,40.9,170,19.8,12.753,13,0,-2,4
1501,38.8,223,20.3,12.76,13,-0.100000000000001,0.600000000000001,1
931,37.7,100,21.7,12.762,13,0.5,0.0999999999999943,0
1378,49.9,106,17,12.774,13,0.5,0.100000000000001,1
2002,48.6,221,13.8,12.782,13,0,2.5,0
619,42.3,123,13.3,12.796,13,-0.100000000000001,0.700000000000003,2
872,46.3,122,19.5,12.802,13,0.199999999999999,-0.899999999999999,1
398,47.6,173,15.5,12.812,13,0.300000000000001,1.3,-19
505,55,126,12.1,12.817,13,0.300000000000001,0.799999999999997,0
163,41.6,157,15.3,12.826,13,0.0999999999999996,1.1,-1
273,44.8,170,20.4,12.832,13,0.5,-1.3,-19
749,38.7,123,16.3,12.834,13,0.800000000000001,-3.3,1
52,38.9,174,19.8,12.839,13,0.199999999999999,1.1,-22
1309,46.4,101,16.9,12.839,13,-0.399999999999999,-0.399999999999999,0
1502,39.4,224,20.2,12.846,13,0.199999999999999,-1.8,0
932,37.8,100,22.2,12.848,13,-0.199999999999999,0.100000000000001,-1
1379,50,107,17.5,12.86,13,-0.100000000000001,-2,-2
2003,51.1,221,13.8,12.868,13,0.199999999999999,4.6,0
620,43,125,13.2,12.882,13,0.300000000000001,-1.7,1
873,45.4,123,19.7,12.888,13,0.199999999999999,-1,0
399,48.9,154,15.8,12.898,13,-0.100000000000001,-1.4,3
506,55.8,126,12.4,12.904,13,0.299999999999999,-0.0999999999999943,0
164,42.7,156,15.4,12.912,13,0,0.899999999999999,14
274,43.5,151,20.9,12.918,13,0.100000000000001,0.600000000000001,23
750,35.4,124,17.1,12.92,13,0.0999999999999979,0.600000000000001,-1
1310,46,101,16.5,12.924,13,0.399999999999999,0.899999999999999,1
53,40,152,20,12.925,13,0.100000000000001,-0.5,1
1503,37.6,224,20.4,12.933,13,0.200000000000003,-0.899999999999999,-4
933,37.9,99,22,12.934,13,0.399999999999999,0.399999999999999,2
1380,48,105,17.4,12.946,13,0.100000000000001,2.5,-1
2004,55.7,221,14,12.954,13,0.199999999999999,-3.1,0
621,41.3,126,13.5,12.968,13,-0.0999999999999996,1.8,-1
874,44.4,123,19.9,12.975,13,1.3,-3.6,-2
400,47.5,157,15.7,12.984,13,-0.199999999999999,-0.100000000000001,14
507,55.7,126,12.7,12.99,13,0.200000000000001,-3.3,0
165,43.6,170,15.4,12.998,13,0.4,-1.9,-2
275,44.1,174,21,13.004,13,0,-1.5,-24
751,36,123,17.2,13.007,13,0.199999999999999,-0.899999999999999,-2
1311,46.9,102,16.9,13.011,13,0,0,1
54,39.5,153,20.1,13.011,13,0.0999999999999979,0.899999999999999,11
1504,36.7,220,20.6,13.019,13,0.299999999999997,1.9,3
934,38.3,101,22.4,13.02,13,-0.299999999999997,0.100000000000001,-1
1381,50.5,104,17.5,13.032,13,0.300000000000001,-1.4,2
2005,52.6,221,14.2,13.04,13,0,-7.2,-3
622,43.1,125,13.4,13.054,13,0.4,-0.899999999999999,-1
401,47.4,171,15.5,13.07,13,0.4,-0.899999999999999,-16
508,52.4,126,12.9,13.076,13,0.5,-1.7,0
166,41.7,168,15.8,13.084,13,-0.100000000000001,1.3,-7
276,42.6,150,21,13.09,13,-0.100000000000001,1.7,23
752,35.1,121,17.4,13.093,13,-0.199999999999999,0,2
1312,46.9,103,16.9,13.097,13,0.100000000000001,-0.699999999999996,-2
55,40.4,164,20.2,13.097,13,-0.0999999999999979,0.399999999999999,-9
1505,38.6,223,20.9,13.104,13,-0.199999999999999,-1.2,-1
1193,38.4,96,15,13.106,13,0,-0.100000000000001,8
935,38.4,100,22.1,13.106,13,0.299999999999997,-1.1,-1
1194,38.3,104,15,13.116,13,0,0.300000000000004,-3
1382,49.1,106,17.8,13.117,13,0.0999999999999979,-2.5,-1
2006,45.4,218,14.2,13.126,13,0.600000000000001,3.2,2
623,42.2,124,13.8,13.14,13,0,-1.1,1
402,46.5,155,15.9,13.156,13,-0.200000000000001,-0.600000000000001,18
509,50.7,126,13.4,13.163,13,-0.300000000000001,-2,-1
167,43,161,15.7,13.17,13,0.100000000000001,-1.7,8
277,44.3,173,20.9,13.176,13,0.100000000000001,-2.59999999999999,1
753,35.1,123,17.2,13.179,13,0.100000000000001,-0.200000000000003,0
1313,46.2,101,17,13.182,13,-0.600000000000001,1.2,1
56,40.8,155,20.1,13.183,13,-0.100000000000001,-0.699999999999996,9
1506,37.4,222,20.7,13.191,13,-0.0999999999999979,1.7,2
936,37.3,99,22.4,13.192,13,0.400000000000002,-0.799999999999997,1
1195,38.6,101,15,13.203,13,0.199999999999999,-0.700000000000003,2
1383,46.6,105,17.9,13.204,13,-0.199999999999999,-0.100000000000001,-1
2007,48.6,220,14.8,13.213,13,-0.4,-2.1,1
624,41.1,125,13.8,13.226,13,-0.100000000000001,1.6,-1
403,45.9,173,15.7,13.242,13,0.400000000000002,0,-16
510,48.7,125,13.1,13.25,13,0.300000000000001,-1.3,1
168,41.3,169,15.8,13.256,13,0,2,-17
278,41.7,174,21,13.262,13,0.300000000000001,2,-13
754,34.9,123,17.3,13.265,13,0.399999999999999,-2.1,0
57,40.1,164,20,13.269,13,0.199999999999999,0,-9
1314,47.4,102,16.4,13.269,13,0.200000000000003,-1,0
937,36.5,100,22.8,13.277,13,0,3.3,1
1507,39.1,224,20.6,13.277,13,0.199999999999999,-4.1,-6
1196,37.9,103,15.2,13.289,13,0.4,0.800000000000004,-3
1384,46.5,104,17.7,13.289,13,0.100000000000001,-0.799999999999997,0
2008,46.5,221,14.4,13.299,13,0.299999999999999,-1.3,1
625,42.7,124,13.7,13.312,13,0.4,0,-1
404,45.9,157,16.1,13.328,13,0,0.300000000000004,-5
511,47.4,126,13.4,13.336,13,-0.4,-2.4,-1
169,43.3,152,15.8,13.342,13,0,-1.59999999999999,19
279,43.7,161,21.3,13.348,13,0.199999999999999,-1.90000000000001,12
755,32.8,123,17.7,13.351,13,-0.0999999999999979,0.700000000000003,-1
58,40.1,155,20.2,13.355,13,-0.0999999999999979,-0.899999999999999,-2
1315,46.4,102,16.6,13.355,13,0.0999999999999979,0.899999999999999,-1
1508,35,218,20.8,13.363,13,0.699999999999999,0.399999999999999,6
938,39.8,101,22.8,13.363,13,0,-1.7,-2
1197,38.7,100,15.6,13.375,13,0.300000000000001,-3.90000000000001,-1
1385,45.7,104,17.8,13.376,13,0.5,-0.400000000000006,2
2009,45.2,222,14.7,13.385,13,0.300000000000001,2.9,-1
626,42.7,123,14.1,13.398,13,0.0999999999999996,0.899999999999999,1
405,46.2,152,16.1,13.414,13,0.199999999999999,0.199999999999996,0
512,45,125,13,13.422,13,0.300000000000001,-0.899999999999999,1
170,41.7,171,15.8,13.428,13,0,2,-1
280,41.8,173,21.5,13.434,13,0.5,0,-18
756,33.5,122,17.6,13.437,13,0.0999999999999979,-5.3,1
1316,47.3,101,16.7,13.441,13,-0.0999999999999979,-1.59999999999999,1
59,39.2,153,20.1,13.441,13,0.199999999999999,1,18
939,38.1,99,22.8,13.449,13,0.0999999999999979,-1.5,1
1509,35.4,224,21.5,13.451,13,-0.5,0.399999999999999,-2
1386,45.3,106,18.3,13.461,13,1.4,0,-2
1198,34.8,99,15.9,13.462,13,0.4,-0.799999999999997,1
2010,48.1,221,15,13.473,13,0.5,-1.8,1
627,43.6,124,14.2,13.484,13,0,-3.4,0
406,46.4,152,16.3,13.5,13,-0.100000000000001,-0.100000000000001,0
513,44.1,126,13.3,13.508,14,-0.200000000000001,-0.600000000000001,0
171,43.7,170,15.8,13.514,14,0.199999999999999,-1.90000000000001,-13
281,41.8,155,22,13.519,14,-0.300000000000001,-0.299999999999997,10
757,28.2,123,17.7,13.523,14,0.600000000000001,-1.5,0
60,40.2,171,20.3,13.527,14,0,-0.400000000000006,3
1317,45.7,102,16.6,13.527,14,0.399999999999999,0.299999999999997,0
940,36.6,100,22.9,13.535,14,0.200000000000003,0.5,-1
1510,35.8,222,21,13.537,14,-0.300000000000001,3.1,3
1199,34,100,16.3,13.547,14,0,-1,-1
1387,45.3,104,19.7,13.547,14,-0.199999999999999,1.1,1
2011,46.3,222,15.5,13.558,14,-0.300000000000001,-3.9,-2
628,40.2,124,14.2,13.571,14,0,0.399999999999999,1
407,46.3,152,16.2,13.586,14,0,-1,13
514,43.5,126,13.1,13.594,14,0.4,-2.3,-2
172,41.8,157,16,13.6,14,-0.300000000000001,-3.8,0
282,41.5,165,21.7,13.606,14,-0.0999999999999979,1.5,-12
758,26.7,123,18.3,13.609,14,0,1.5,0
61,39.8,174,20.3,13.613,14,0.199999999999999,0.600000000000001,-3
1318,46,102,17,13.613,14,-0.100000000000001,1.2,0
941,37.1,99,23.1,13.621,14,0,-0.600000000000001,1
1511,38.9,225,20.7,13.623,14,-0.399999999999999,1.6,-6
1388,46.4,105,19.5,13.633,14,0,1.5,-1
1200,33,99,16.3,13.634,14,-0.199999999999999,3.1,2
2012,42.4,220,15.2,13.644,14,0.4,2.7,-1
629,40.6,125,14.2,13.658,14,0.300000000000001,-0.700000000000003,-1
408,45.3,165,16.2,13.672,14,0.199999999999999,0.5,-15
515,41.2,124,13.5,13.681,14,0.0999999999999996,0.899999999999999,3
173,38,157,15.7,13.686,14,0,2,-4
283,43,153,21.6,13.691,14,-0.200000000000003,-1.3,-4
759,28.2,123,18.3,13.695,14,0,-0.800000000000001,0
62,40.4,171,20.5,13.699,14,-0.100000000000001,-1.3,0
942,36.5,100,23.1,13.707,14,-0.100000000000001,0.5,0
1512,40.5,219,20.3,13.709,14,0.199999999999999,-2.8,1
1389,47.9,104,19.5,13.719,14,-0.100000000000001,-4.3,0
1201,36.1,101,16.1,13.72,14,0,0,1
2013,45.1,219,15.6,13.73,14,0.300000000000001,0.699999999999996,1
630,39.9,124,14.5,13.745,14,0,1.2,0
409,45.8,150,16.4,13.758,14,-0.199999999999999,-0.199999999999996,7
516,42.1,127,13.6,13.767,14,0.300000000000001,-2.3,-1
174,40,153,15.7,13.772,14,0.100000000000001,0.600000000000001,1
284,41.7,149,21.4,13.777,14,0,1.09999999999999,1
760,27.4,123,18.3,13.781,14,0.399999999999999,-1.4,-1
63,39.1,171,20.4,13.785,14,0.300000000000001,1.9,-17
943,37,100,23,13.793,14,-0.199999999999999,0.5,0
1513,37.7,220,20.5,13.794,14,0.199999999999999,1.59999999999999,3
1390,43.6,104,19.4,13.805,14,-0.0999999999999979,-0.5,-1
1202,36.1,102,16.1,13.806,14,-0.400000000000002,0.799999999999997,-1
2014,45.8,220,15.9,13.818,14,0,-0.5,0
631,41.1,124,14.5,13.831,14,-0.199999999999999,0.100000000000001,0
410,45.6,157,16.2,13.844,14,-0.0999999999999979,0.600000000000001,3
517,39.8,126,13.9,13.853,14,-0.700000000000001,0.700000000000003,-1
175,40.6,154,15.8,13.858,14,0,-0.800000000000004,0
285,42.8,150,21.4,13.864,14,-0.0999999999999979,-0.899999999999999,1
761,26,122,18.7,13.867,14,-0.0999999999999979,3.4,1
64,41,154,20.7,13.871,14,0.199999999999999,-0.299999999999997,-4
1319,47.2,102,16.9,13.871,14,-0.399999999999999,-0.800000000000004,-1
944,37.5,100,22.8,13.879,14,0.0999999999999979,0,0
1514,39.3,223,20.7,13.881,14,0.100000000000001,0.100000000000001,-1
1391,43.1,103,19.3,13.891,14,0.0999999999999979,0.899999999999999,1
1203,36.9,101,15.7,13.892,14,0.100000000000001,-0.299999999999997,0
2015,45.3,220,15.9,13.904,14,0.9,-0.0999999999999943,0
632,41.2,124,14.3,13.917,14,0.6,-0.600000000000001,2
411,46.2,160,16.1,13.93,14,0.399999999999999,-0.100000000000001,-8
518,40.5,125,13.2,13.939,14,0.800000000000001,0.600000000000001,0
176,39.8,154,15.8,13.944,14,0.899999999999999,0.5,1
286,41.9,151,21.3,13.951,14,1,-0.799999999999997,7
762,29.4,123,18.6,13.953,14,-0.100000000000001,-1,0
1320,46.4,101,16.5,13.957,14,0.300000000000001,0.899999999999999,2
65,40.7,150,20.9,13.958,14,-0.199999999999999,0,1
945,37.5,100,22.9,13.965,14,0.100000000000001,1.4,0
1515,39.4,222,20.8,13.966,14,-0.100000000000001,0.800000000000004,-2
1392,44,104,19.4,13.977,14,0,-0.700000000000003,0
1204,36.6,101,15.8,13.978,14,0.199999999999999,0.199999999999996,-1
2016,45.2,220,16.8,13.99,14,-0.100000000000001,-1.5,-1
633,40.6,126,14.9,14.004,14,0,-1.6,-2
412,46.1,152,16.5,14.016,14,-0.100000000000001,0,5
177,40.3,155,16.7,14.03,14,-0.599999999999998,-1.8,10
287,41.1,158,22.3,14.037,14,-0.400000000000002,-0.700000000000003,2
763,28.4,123,18.5,14.039,14,0.300000000000001,0.400000000000002,0
1321,47.3,103,16.8,14.043,14,-0.300000000000001,-1.4,0
66,40.7,151,20.7,14.044,14,0.100000000000001,-1.3,9
946,38.9,100,23,14.051,14,-0.100000000000001,-0.799999999999997,0
1516,40.2,220,20.7,14.053,14,0.199999999999999,-0.400000000000006,4
1393,43.3,104,19.4,14.063,14,-0.0999999999999979,0.800000000000004,0
1205,36.8,100,16,14.067,14,0.600000000000001,0.600000000000001,1
2017,43.7,219,16.7,14.076,14,-0.799999999999999,-2.8,1
634,39,124,14.9,14.09,14,0.199999999999999,1.5,-2
413,46.1,157,16.4,14.102,14,-0.199999999999999,1.1,-4
519,41.1,125,14,14.113,14,-0.199999999999999,-0.300000000000004,1
178,38.5,165,16.1,14.116,14,-0.200000000000001,2.6,-8
288,40.4,160,21.9,14.123,14,0.100000000000001,0.600000000000001,-6
764,28.8,123,18.8,14.125,14,-0.100000000000001,0,0
67,39.4,160,20.8,14.13,14,-0.400000000000002,0.5,-7
947,38.1,100,22.9,14.137,14,0.200000000000003,-0.300000000000004,-1
1517,39.8,224,20.9,14.138,14,0,-0.899999999999999,-1
1394,44.1,104,19.3,14.15,14,-0.199999999999999,-2.9,0
1206,37.4,101,16.6,14.153,14,0.0999999999999979,0.399999999999999,-4
2018,40.9,220,15.9,14.162,14,-0.200000000000001,0.600000000000001,1
635,40.5,122,15.1,14.176,14,-0.0999999999999996,-2.5,0
414,47.2,153,16.2,14.188,14,0.300000000000001,-2,7
520,40.8,126,13.8,14.199,14,-0.5,0.5,-1
179,41.1,157,15.9,14.202,14,-0.200000000000001,-0.200000000000003,9
289,41,154,22,14.209,14,-0.199999999999999,1,3
765,28.8,123,18.7,14.211,14,0.199999999999999,1.3,1
1322,45.9,103,16.5,14.215,14,0.699999999999999,0.100000000000001,-3
68,39.9,153,20.4,14.216,14,0.300000000000001,1.7,10
948,37.8,99,23.1,14.223,14,-0.300000000000001,0.400000000000006,1
1518,38.9,223,20.9,14.225,14,0.300000000000001,-1,-1
1395,41.2,104,19.1,14.236,14,0,0.199999999999996,-2
1207,37.8,97,16.7,14.239,14,-0.0999999999999979,-3,2
2019,41.5,221,15.7,14.248,14,0.400000000000002,2.5,-1
636,38,122,15,14.262,14,0,0.799999999999997,3
415,45.2,160,16.5,14.274,14,0.399999999999999,1.2,10
521,41.3,125,13.3,14.286,14,0.0999999999999996,-3.5,-4
180,40.9,166,15.7,14.288,14,0.200000000000001,0.100000000000001,3
290,42,157,21.8,14.295,14,0.199999999999999,0.5,7
766,30.1,124,18.9,14.297,14,-0.0999999999999979,0,-2
1323,46,100,17.2,14.301,14,0,-1.2,2
69,41.6,163,20.7,14.302,14,-0.0999999999999979,-1.6,7
949,38.2,100,22.8,14.308,14,0.300000000000001,0.0999999999999943,-1
1519,37.9,222,21.2,14.311,14,-0.0999999999999979,1.3,1
1396,41.4,102,19.1,14.322,14,0.299999999999997,1.1,2
1208,34.8,99,16.6,14.325,14,-0.400000000000002,1.1,-1
2020,44,220,16.1,14.334,14,0.0999999999999979,-2.6,0
637,38.8,125,15,14.348,14,0.4,0.800000000000004,1
522,37.8,121,13.4,14.372,14,0.0999999999999996,0.400000000000006,4
181,41,169,15.9,14.374,14,0,-1.4,-2
291,42.5,164,22,14.381,14,-0.100000000000001,-0.5,9
767,30.1,122,18.8,14.383,14,0,2,0
70,40,170,20.6,14.388,14,0.399999999999999,0,-9
1324,44.8,102,17.2,14.39,14,-0.0999999999999979,0,0
950,38.3,99,23.1,14.394,14,0,-1.3,1
1520,39.2,223,21.1,14.396,14,-0.100000000000001,-1,-1
1397,42.5,104,19.4,14.408,14,0.100000000000001,-3.2,-2
1209,35.9,98,16.2,14.411,14,0.100000000000001,1.1,2
2021,41.4,220,16.2,14.42,14,0.199999999999999,0.800000000000004,1
638,39.6,126,15.4,14.434,14,-0.0999999999999996,-2,-3
416,46.4,170,16.9,14.446,14,-0.299999999999997,-1.4,-6
523,38.2,125,13.5,14.459,14,0.0999999999999996,-0.300000000000004,1
182,39.6,167,15.9,14.46,14,0.200000000000001,-1.2,-10
292,42,173,21.9,14.467,14,-0.199999999999999,-0.600000000000001,-1
768,32.1,122,18.8,14.469,14,0.300000000000001,-1.9,0
71,40,161,21,14.474,14,-0.300000000000001,-0.5,1
1325,44.8,102,17.1,14.477,14,0.299999999999997,1,-1
951,37,100,23.1,14.48,14,0.0999999999999979,0.299999999999997,0
1521,38.2,222,21,14.483,14,0.300000000000001,-0.600000000000001,0
1398,39.3,102,19.5,14.494,14,0.100000000000001,1.3,1
1210,37,100,16.3,14.497,14,-0.199999999999999,0.899999999999999,1
2022,42.2,221,16.4,14.506,14,-0.199999999999999,-2.7,-1
639,37.6,123,15.3,14.52,15,-0.5,0.199999999999996,2
417,45,164,16.6,14.532,15,-0.300000000000001,1.2,-4
524,37.9,126,13.6,14.545,15,-0.0999999999999996,-0.799999999999997,-1
183,38.4,157,16.1,14.546,15,-0.200000000000001,-0.100000000000001,-4
293,41.4,172,21.7,14.553,15,-0.199999999999999,0.100000000000001,-1
769,30.2,122,19.1,14.555,15,-0.100000000000001,-0.899999999999999,1
72,39.5,162,20.7,14.56,15,0,1.4,-9
1326,45.8,101,17.4,14.563,15,-0.399999999999999,0.700000000000003,0
952,37.3,100,23.2,14.567,15,0,-1.2,-1
1522,37.6,222,21.3,14.569,15,0.0999999999999979,1.5,8
1399,40.6,103,19.6,14.58,15,0.0999999999999979,-4.5,0
1211,37.9,101,16.1,14.583,15,0.199999999999999,1,1
2023,39.5,220,16.2,14.592,15,0.300000000000001,-1,0
640,37.8,125,14.8,14.606,15,0.399999999999999,-0.5,0
418,46.2,160,16.3,14.618,15,0.300000000000001,2.3,11
525,37.1,125,13.5,14.631,15,-0.199999999999999,-0.700000000000003,1
184,38.3,153,15.9,14.632,15,0,1.1,17
294,41.5,171,21.5,14.639,15,0.100000000000001,-0.299999999999997,0
770,29.3,123,19,14.641,15,0.100000000000001,2.1,1
73,40.9,153,20.7,14.646,15,-0.0999999999999979,-0.5,-3
1327,46.5,101,17,14.649,15,-0.199999999999999,0.399999999999999,0
1523,39.1,230,21.4,14.655,15,-0.0999999999999979,-1.3,-8
953,36.1,99,23.2,14.656,15,-0.0999999999999979,0.100000000000001,0
1400,36.1,103,19.7,14.666,15,0.100000000000001,-0.600000000000001,0
1212,38.9,102,16.3,14.671,15,-0.100000000000001,-1.2,-2
2024,38.5,220,16.5,14.678,15,-0.399999999999999,1.3,0
641,37.3,125,15.2,14.692,15,0.100000000000001,2,-3
419,48.5,171,16.6,14.704,15,0.599999999999998,-4,-10
526,36.4,126,13.3,14.717,15,0,0.399999999999999,0
185,39.4,170,15.9,14.718,15,0.4,-0.699999999999996,-14
295,41.2,171,21.6,14.725,15,0.199999999999999,-1.1,3
771,31.4,124,19.1,14.727,15,0,-3.6,-1
74,40.4,150,20.6,14.732,15,-0.100000000000001,0.5,2
954,36.2,99,23.1,14.741,15,-0.200000000000003,0.399999999999999,0
1524,37.8,222,21.3,14.741,15,-0.100000000000001,-1.2,0
1401,35.5,103,19.8,14.752,15,0,0.299999999999997,-2
1213,37.7,100,16.2,14.757,15,0.199999999999999,-0.600000000000001,0
2025,39.8,220,16.1,14.764,15,-0.100000000000001,0.400000000000006,-1
642,39.3,122,15.3,14.778,15,0.199999999999999,-0.799999999999997,4
420,44.5,161,17.2,14.79,15,-0.300000000000001,-1,5
527,36.8,126,13.3,14.803,15,0.0999999999999996,-1,0
186,38.7,156,16.3,14.804,15,-0.300000000000001,0.899999999999999,0
296,40.1,174,21.8,14.811,15,-0.100000000000001,-1.6,-3
772,27.8,123,19.1,14.813,15,-0.100000000000001,-0.800000000000001,0
75,40.9,152,20.5,14.818,15,-0.100000000000001,0.399999999999999,20
1328,46.9,101,16.8,14.822,15,-6.7,13.6,50
955,36.6,99,22.9,14.828,15,0.200000000000003,-0.800000000000004,2
1525,36.6,222,21.2,14.828,15,-0.0999999999999979,-0.200000000000003,-7
1402,35.8,101,19.8,14.838,15,0.0999999999999979,1.1,2
1214,37.1,100,16.4,14.843,15,-0.299999999999997,1.6,0
2026,40.2,219,16,14.85,15,0.5,2.59999999999999,0
643,38.5,126,15.5,14.864,15,-0.0999999999999996,-2.5,-2
421,43.5,166,16.9,14.876,15,0,0.100000000000001,-5
528,35.8,126,13.4,14.889,15,-0.300000000000001,1.3,0
187,39.6,156,16,14.89,15,0.300000000000001,3.2,1
297,38.5,171,21.7,14.898,15,0,0.299999999999997,2
773,27,123,19,14.899,15,0.100000000000001,1.6,-1
76,41.3,172,20.4,14.904,15,0.200000000000003,0.600000000000001,-8
956,35.8,101,23.1,14.913,15,-0.100000000000001,1.3,-1
1526,36.4,215,21.1,14.914,15,0,-1.8,6
1403,36.9,103,19.9,14.924,15,0.800000000000001,-3.4,0
1215,38.7,100,16.1,14.929,15,0.199999999999999,-1.3,-1
2027,42.8,219,16.5,14.936,15,0,0.400000000000006,2
644,36,124,15.4,14.951,15,-0.0999999999999996,-0.600000000000001,1
422,43.6,161,16.9,14.962,15,-0.0999999999999979,0.299999999999997,11
529,37.1,126,13.1,14.975,15,0.0999999999999996,-0.5,-1
188,42.8,157,16.3,14.976,15,-0.300000000000001,-2.7,18
298,38.8,173,21.7,14.983,15,0,1.1,-1
774,28.6,122,19.1,14.985,15,0,-2.8,1
77,41.9,164,20.6,14.99,15,0,-1.4,-11
957,37.1,100,23,14.999,15,-0.100000000000001,-1,0
1527,34.6,221,21.1,15,15,0,-0.700000000000003,3
1404,33.5,103,20.7,15.009,15,-1,2,0
1216,37.4,99,16.3,15.015,15,-0.100000000000001,0.100000000000001,2
2028,43.2,221,16.5,15.023,15,-0.100000000000001,1,0
645,35.4,125,15.3,15.037,15,0,3.3,-1
875,40.8,121,21.2,15.044,15,0,0.900000000000006,0
423,43.9,172,16.8,15.048,15,-0.100000000000001,-1.3,0
530,36.6,125,13.2,15.061,15,-0.199999999999999,0,1
189,40.1,175,16,15.062,15,0.300000000000001,3,-3
299,39.9,172,21.7,15.069,15,-0.0999999999999979,-0.699999999999996,-3
775,25.8,123,19.1,15.071,15,-0.100000000000001,1.2,-1
78,40.5,153,20.6,15.076,15,-0.5,-0.700000000000003,1
958,36.1,100,22.9,15.085,15,0.400000000000002,-0.100000000000001,0
1528,33.9,224,21.1,15.087,15,0.299999999999997,0.300000000000004,0
1405,35.5,103,19.7,15.096,15,0,-1.3,0
1217,37.5,101,16.2,15.101,15,0.400000000000002,0.5,-1
2029,44.2,221,16.4,15.109,15,0,-2.7,0
646,38.7,124,15.3,15.124,15,0.0999999999999996,-1.2,1
424,42.6,172,16.7,15.134,15,-0.0999999999999979,-0.5,0
531,36.6,126,13,15.148,15,-0.300000000000001,0.399999999999999,-1
190,43.1,172,16.3,15.148,15,0,-1.9,-10
300,39.2,169,21.6,15.155,15,-0.200000000000003,1.8,-18
776,27,122,19,15.158,15,-0.100000000000001,-2.3,1
79,39.8,154,20.1,15.162,15,-0.400000000000002,1,18
959,36,100,23.3,15.171,15,0.5,0,0
1529,34.2,224,21.4,15.172,15,-0.5,2.2,-3
1406,34.2,103,19.7,15.184,15,0,-1.5,-1
1218,38,100,16.6,15.187,15,-0.300000000000001,-0.799999999999997,2
2030,41.5,221,16.4,15.195,15,-0.299999999999997,0.700000000000003,0
647,37.5,125,15.4,15.21,15,0,-2.1,0
876,41.7,121,21.2,15.216,15,-0.0999999999999979,0.199999999999996,0
532,37,125,12.7,15.234,15,0.4,-0.100000000000001,0
191,41.2,162,16.3,15.234,15,0,1.09999999999999,7
301,41,151,21.4,15.241,15,0.100000000000001,-0.799999999999997,21
777,24.7,123,18.9,15.244,15,0.300000000000001,0.100000000000001,0
80,40.8,172,19.7,15.248,15,0,0.800000000000004,-18
960,36,100,23.8,15.257,15,-0.900000000000002,1,0
1530,36.4,221,20.9,15.259,15,-0.299999999999997,1.9,3
1407,32.7,102,19.7,15.27,15,-0.199999999999999,-0.100000000000001,1
1219,37.2,102,16.3,15.274,15,0.0999999999999979,-1.2,-3
2031,42.2,221,16.1,15.281,15,-0.300000000000001,-0.5,0
648,35.4,125,15.4,15.296,15,0.9,-1.4,-2
877,41.9,121,21.1,15.302,15,0.5,-2.5,2
425,42.1,172,16.6,15.306,15,-0.300000000000001,-0.100000000000001,0
533,36.9,125,13.1,15.32,15,0.0999999999999996,-0.699999999999996,1
192,42.3,169,16.3,15.32,15,0.199999999999999,-2.3,0
302,40.2,172,21.5,15.327,15,0,1.59999999999999,1
778,24.8,123,19.2,15.33,15,0.199999999999999,-1.7,-1
81,41.6,154,19.7,15.335,15,-0.0999999999999979,0,18
961,37,100,22.9,15.343,15,-0.199999999999999,-0.700000000000003,0
1531,38.3,224,20.6,15.345,15,-0.300000000000001,0.700000000000003,-17
1408,32.6,103,19.5,15.356,15,0,-0.300000000000004,0
1220,36,99,16.4,15.36,15,-0.299999999999997,0.399999999999999,1
2032,41.7,221,15.8,15.367,15,0.0999999999999996,3.5,-1
649,34,123,16.3,15.382,15,-0.300000000000001,3.4,0
878,39.4,123,21.6,15.388,15,-0.600000000000001,-0.199999999999996,1
193,40,169,16.5,15.406,15,-0.199999999999999,-1.4,-10
534,36.2,126,13.2,15.406,15,-0.5,-0.700000000000003,1
303,41.8,173,21.5,15.413,15,-0.100000000000001,-0.799999999999997,-23
779,23.1,122,19.4,15.416,15,-0.5,0.0999999999999979,1
82,41.6,172,19.6,15.421,15,-0.200000000000003,1.9,-7
962,36.3,100,22.7,15.429,15,-0.0999999999999979,1.1,1
1532,39,207,20.3,15.431,15,-0.100000000000001,1.5,8
1409,32.3,103,19.5,15.442,15,0.300000000000001,-0.399999999999999,-1
1221,36.4,100,16.1,15.446,15,0.0999999999999979,-1.6,0
2033,45.2,220,15.9,15.453,15,0,-1.2,1
650,37.4,123,16,15.468,15,-0.6,-2.3,0
879,39.2,124,21,15.474,15,-0.199999999999999,2.5,-1
426,42,172,16.3,15.478,15,-0.100000000000001,0.200000000000003,0
535,35.5,127,12.7,15.492,15,0.100000000000001,1.1,0
194,38.6,159,16.3,15.492,15,0.0999999999999979,-3.9,11
304,41,150,21.4,15.499,15,-0.0999999999999979,-0.700000000000003,0
780,23.2,123,18.9,15.502,16,0.100000000000001,1.4,-1
83,43.5,165,19.4,15.507,16,0,-0.600000000000001,5
963,37.4,101,22.6,15.516,16,-0.100000000000001,-0.199999999999996,-2
1533,40.5,215,20.2,15.517,16,-0.300000000000001,-1.1,8
1410,31.9,102,19.8,15.528,16,-0.100000000000001,-1.6,1
1222,34.8,100,16.2,15.534,16,-0.199999999999999,2.1,0
2034,44,221,15.9,15.539,16,0,0.5,0
651,35.1,123,15.4,15.554,16,-0.0999999999999996,2.9,0
880,41.7,123,20.8,15.56,16,0,0.599999999999994,0
427,42.2,172,16.2,15.564,16,0,0.599999999999994,2
195,34.7,170,16.4,15.578,16,0.100000000000001,1.4,-1
536,36.6,127,12.8,15.579,16,0,1,-2
305,40.3,150,21.3,15.586,16,0,1.2,3
781,24.6,122,19,15.588,16,-0.300000000000001,0.599999999999998,2
84,42.9,170,19.4,15.593,16,0.100000000000001,-0.100000000000001,0
964,37.2,99,22.5,15.602,16,-0.100000000000001,0.799999999999997,0
1534,39.4,223,19.9,15.603,16,0.200000000000003,0.5,6
1411,30.3,103,19.7,15.614,16,0,1.9,0
1223,36.9,100,16,15.621,16,-0.0999999999999996,1.7,1
2035,44.5,221,15.9,15.625,16,0,-2.3,-2
652,38,123,15.3,15.64,16,-0.100000000000001,-1.3,1
881,42.3,123,20.8,15.646,16,0.0999999999999979,-1.9,-1
428,42.8,174,16.2,15.65,16,0.199999999999999,0.900000000000006,-2
196,36.1,169,16.5,15.664,16,-0.399999999999999,-3.3,-15
537,37.6,125,12.8,15.665,16,-0.300000000000001,0.600000000000001,1
306,41.5,153,21.3,15.672,16,-0.199999999999999,0,11
782,25.2,124,18.7,15.674,16,0,0.800000000000001,0
85,42.8,170,19.5,15.679,16,-0.100000000000001,1.2,-18
965,38,99,22.4,15.688,16,0.100000000000001,-0.899999999999999,1
1535,39.9,229,20.1,15.689,16,0.299999999999997,-1.2,3
1412,32.2,103,19.7,15.7,16,0,0,0
1224,38.6,101,15.9,15.707,16,0.0999999999999996,0.100000000000001,-1
2036,42.2,219,15.9,15.711,16,0,-0.800000000000004,0
653,36.7,124,15.2,15.726,16,-0.0999999999999996,0.599999999999994,0
882,40.4,122,20.9,15.732,16,-0.0999999999999979,0.5,0
429,43.7,172,16.4,15.736,16,0,-2.1,6
197,32.8,154,16.1,15.751,16,0.0999999999999979,0.100000000000001,13
538,38.2,126,12.5,15.751,16,0.0999999999999996,-0.900000000000006,0
307,41.5,164,21.1,15.759,16,-0.100000000000001,0.299999999999997,-10
783,26,124,18.7,15.76,16,0,-3.2,-2
86,44,152,19.4,15.765,16,-0.299999999999997,0.799999999999997,2
966,37.1,100,22.5,15.774,16,-0.199999999999999,0.299999999999997,0
1536,38.7,232,20.4,15.776,16,0.100000000000001,1.8,-9
1413,32.2,103,19.7,15.786,16,0.100000000000001,-0.400000000000002,0
2037,41.4,219,15.9,15.797,16,-0.0999999999999996,3.5,1
654,37.3,124,15.1,15.812,16,-0.0999999999999996,-0.199999999999996,-1
883,40.9,122,20.8,15.818,16,-10.7,36.4,-22
430,41.6,178,16.4,15.822,16,-0.299999999999997,0.600000000000001,-8
539,37.3,126,12.6,15.837,16,0.0999999999999996,0.800000000000004,-1
198,32.9,167,16.2,15.837,16,-0.199999999999999,1.3,2
308,41.8,154,21,15.844,16,-0.100000000000001,0.5,19
784,22.8,122,18.7,15.846,16,0.100000000000001,0,0
87,44.8,154,19.1,15.851,16,-0.300000000000001,0.100000000000001,-3
967,37.4,100,22.3,15.86,16,0.199999999999999,0.100000000000001,1
1537,40.5,223,20.5,15.864,16,0.199999999999999,-3.2,-6
1414,31.8,103,19.8,15.872,16,-0.100000000000001,1.8,0
1225,38.7,100,16,15.88,16,-0.199999999999999,0.0999999999999943,0
2038,44.9,220,15.8,15.883,16,0.199999999999999,0.600000000000001,0
655,37.1,123,15,15.898,16,0.199999999999999,1.6,2
431,42.2,170,16.1,15.908,16,0,1.7,-13
199,34.2,169,16,15.922,16,0,1.5,1
540,38.1,125,12.7,15.923,16,-0.0999999999999996,-0.5,2
309,42.3,173,20.9,15.93,16,0.100000000000001,0.600000000000001,-3
785,22.8,122,18.8,15.932,16,-0.199999999999999,1.4,2
88,44.9,151,18.8,15.938,16,0.5,0,29
968,37.5,101,22.5,15.946,16,-0.100000000000001,0.799999999999997,-2
1538,37.3,217,20.7,15.951,16,0.100000000000001,1.7,5
1415,33.6,103,19.7,15.958,16,0.199999999999999,-0.5,-1
1226,38.8,100,15.8,15.967,16,-0.200000000000001,1.2,2
2039,45.5,220,16,15.969,16,-0.199999999999999,0.100000000000001,-3
656,38.7,125,15.2,15.984,16,0.100000000000001,-2.90000000000001,-1
541,37.6,127,12.6,16.009,16,0,0.699999999999996,-2
200,35.7,170,16,16.009,16,0.100000000000001,0.599999999999994,-1
310,42.9,170,21,16.016,16,-0.100000000000001,0.399999999999999,-18
786,24.2,124,18.6,16.018,16,-0.100000000000001,4.6,-2
89,44.9,180,19.3,16.024,16,-0.199999999999999,0.600000000000001,-28
969,38.3,99,22.4,16.032,16,0.100000000000001,0,1
1539,39,222,20.8,16.038,16,-0.100000000000001,-0.5,1
1416,33.1,102,19.9,16.044,16,0.300000000000001,-0.399999999999999,0
1227,40,102,15.6,16.052,16,0.300000000000001,-0.5,-2
2040,45.6,217,15.8,16.054,16,0.0999999999999996,1.6,2
657,35.8,124,15.3,16.069,16,0,-0.199999999999996,0
432,43.9,157,16.1,16.08,16,-0.200000000000001,0.600000000000001,3
201,36.3,169,16.1,16.095,16,-0.100000000000001,0.400000000000006,0
542,38.3,125,12.6,16.096,16,0.300000000000001,0.300000000000004,0
311,43.3,152,20.9,16.103,16,-0.0999999999999979,1.2,-4
787,28.8,122,18.5,16.104,16,-0.100000000000001,-0.5,2
90,45.5,152,19.1,16.11,16,0.199999999999999,-0.299999999999997,18
970,38.3,100,22.5,16.119,16,-0.199999999999999,-0.599999999999994,-1
1540,38.5,223,20.7,16.124,16,-0.0999999999999979,1.8,0
1417,32.7,102,20.2,16.129,16,-0.0999999999999979,0.5,0
1228,39.5,100,15.9,16.139,16,-0.200000000000001,-0.700000000000003,1
2041,47.2,219,15.9,16.141,16,0.0999999999999996,-1.5,1
658,35.6,124,15.3,16.156,16,0,2.2,0
433,44.5,160,15.9,16.166,16,-0.0999999999999996,-0.299999999999997,-5
202,36.7,169,16,16.181,16,0,0.399999999999999,-13
543,38.6,125,12.9,16.182,16,-0.0999999999999996,0.199999999999996,0
312,44.5,148,20.8,16.189,16,0.0999999999999979,-0.799999999999997,25
788,28.3,124,18.4,16.19,16,0.300000000000001,-2.7,-2
91,45.2,170,19.3,16.196,16,-0.199999999999999,-0.300000000000004,-17
971,37.7,99,22.3,16.205,16,-0.199999999999999,0.899999999999999,-1
1541,40.3,223,20.6,16.209,16,-0.300000000000001,0.400000000000006,-1
1418,33.2,102,20.1,16.216,16,-0.5,0.699999999999996,1
1229,38.8,101,15.7,16.225,16,-0.299999999999999,1.6,-1
2042,45.7,220,16,16.226,16,0.100000000000001,-1,-1
659,37.8,124,15.3,16.241,16,-0.200000000000001,-0.799999999999997,0
434,44.2,155,15.8,16.252,16,-0.200000000000001,1.3,16
203,37.1,156,16,16.267,16,0.100000000000001,2.2,-3
544,38.8,125,12.8,16.268,16,0,-0.199999999999996,0
313,43.7,173,20.9,16.275,16,-0.0999999999999979,0.399999999999999,5
789,25.6,122,18.7,16.276,16,0,-0.600000000000001,3
92,44.9,153,19.1,16.282,16,-0.300000000000001,1.6,21
972,38.6,98,22.1,16.294,16,-0.100000000000001,0.299999999999997,2
1542,40.7,222,20.3,16.296,16,-0.300000000000001,1,0
1419,33.9,103,19.6,16.301,16,0.0999999999999979,1.1,0
1230,40.4,100,15.4,16.311,16,0,0.399999999999999,0
2043,44.7,219,16.1,16.312,16,-0.100000000000001,0.0999999999999943,1
660,37,124,15.1,16.328,16,0.0999999999999996,1.5,-1
435,45.5,171,15.6,16.338,16,-0.0999999999999996,-1.8,-8
204,39.3,153,16.1,16.353,16,0.5,-0.899999999999999,2
545,38.6,125,12.8,16.354,16,-0.5,-0.800000000000004,1
314,44.1,178,20.8,16.361,16,-0.199999999999999,0.299999999999997,-13
790,25,125,18.7,16.361,16,0.100000000000001,-0.300000000000001,-4
93,46.5,174,18.8,16.368,16,0,-0.200000000000003,-24
973,38.9,100,22,16.38,16,-0.100000000000001,2.2,-1
1543,41.7,222,20,16.382,16,-0.100000000000001,0.5,-4
1420,35,103,19.7,16.387,16,0.100000000000001,-0.399999999999999,0
1231,40.8,100,15.4,16.397,16,-0.0999999999999996,0.600000000000001,0
2044,44.8,220,16,16.399,16,0.100000000000001,1,0
661,38.5,123,15.2,16.414,16,0.200000000000001,-0.700000000000003,2
205,38.4,155,16.6,16.439,16,-0.100000000000001,-1.5,11
546,37.8,126,12.3,16.44,16,-0.4,-0.0999999999999943,1
315,44.4,165,20.6,16.447,16,-0.300000000000001,2,9
791,24.7,121,18.8,16.448,16,0.199999999999999,0,1
94,46.3,150,18.8,16.454,16,0.0999999999999979,0.5,3
974,41.1,99,21.9,16.466,16,0,-1.6,2
1544,42.2,218,19.9,16.468,16,-0.199999999999999,0.599999999999994,4
1421,34.6,103,19.8,16.473,16,0,0.699999999999996,0
1232,41.4,100,15.3,16.483,16,0,1.2,0
2045,45.8,220,16.1,16.485,16,-0.100000000000001,-1.5,-1
662,37.8,125,15.4,16.499,16,0,-2.2,-4
436,43.7,163,15.5,16.51,16,-0.0999999999999996,0.599999999999994,10
206,36.9,166,16.5,16.525,17,0,1,4
547,37.7,127,11.9,16.526,17,0.199999999999999,-0.800000000000004,-1
316,46.4,174,20.3,16.533,17,0,0,-23
792,24.7,122,19,16.533,17,0.199999999999999,0.5,2
95,46.8,153,18.9,16.54,17,-0.199999999999999,1.5,20
975,39.5,101,21.9,16.552,17,-0.0999999999999979,-0.100000000000001,-2
1545,42.8,222,19.7,16.554,17,-0.0999999999999979,-0.0999999999999943,2
1422,35.3,103,19.8,16.559,17,0,0.200000000000003,-1
1233,42.6,100,15.3,16.569,17,0,-0.200000000000003,2
2046,44.3,219,16,16.571,17,-0.199999999999999,0,2
663,35.6,121,15.4,16.586,17,0,0.100000000000001,3
437,44.3,173,15.4,16.596,17,0.199999999999999,0.300000000000004,1
207,37.9,170,16.5,16.611,17,-0.399999999999999,0.600000000000001,-2
548,36.9,126,12.1,16.613,17,-0.0999999999999996,0,1
793,25.2,124,19.2,16.619,17,0,0.400000000000002,1
317,46.4,151,20.3,16.619,17,0.199999999999999,0.899999999999999,3
96,48.3,173,18.7,16.627,17,-0.0999999999999979,1.90000000000001,-16
976,39.4,99,21.8,16.637,17,0,0.600000000000001,-2
1546,42.7,224,19.6,16.64,17,-0.100000000000001,1.3,-1
1423,35.5,102,19.8,16.645,17,0,0.299999999999997,2
1234,42.4,102,15.3,16.655,17,-0.300000000000001,1.2,-2
2047,44.3,221,15.8,16.657,17,0,0,-1
664,35.7,124,15.4,16.672,17,0,-0.800000000000004,3
438,44.6,174,15.6,16.682,17,0,-0.100000000000001,-12
208,38.5,168,16.1,16.697,17,0,0.100000000000001,-13
549,36.9,127,12,16.699,17,-0.0999999999999996,0.100000000000001,-1
794,25.6,125,19.2,16.705,17,-0.599999999999998,1.4,0
318,47.3,154,20.5,16.705,17,-0.100000000000001,1,19
97,50.2,157,18.6,16.713,17,-0.200000000000003,0.899999999999999,-7
977,40,97,21.8,16.723,17,-0.199999999999999,1.9,3
1547,44,223,19.5,16.726,17,0,0.200000000000003,0
1424,35.8,104,19.8,16.731,17,-0.199999999999999,0.800000000000004,-3
1235,43.6,100,15,16.741,17,-0.199999999999999,0.699999999999996,1
2048,44.3,220,15.8,16.743,17,0.0999999999999996,0.900000000000006,1
665,34.9,127,15.4,16.758,17,-0.0999999999999996,3.2,-2
439,44.5,162,15.6,16.768,17,-0.0999999999999996,-0.899999999999999,-5
209,38.6,155,16.1,16.783,17,-0.200000000000001,-0.100000000000001,11
550,37,126,11.9,16.785,17,-0.200000000000001,1,0
319,48.3,173,20.4,16.791,17,-0.299999999999997,0,-1
795,27,125,18.6,16.791,17,-0.400000000000002,2.8,0
98,51.1,150,18.4,16.8,17,-0.299999999999997,0.299999999999997,15
978,41.9,100,21.6,16.809,17,-0.200000000000003,0.200000000000003,0
1548,44.2,223,19.5,16.812,17,0.300000000000001,0.399999999999999,0
1425,36.6,101,19.6,16.817,17,-0.100000000000001,3.3,1
1236,44.3,101,14.8,16.827,17,-0.100000000000001,0.400000000000006,1
2049,45.2,221,15.9,16.829,17,-0.300000000000001,0.899999999999999,0
666,38.1,125,15.3,16.844,17,-0.100000000000001,0.199999999999996,0
440,43.6,157,15.5,16.854,17,0,1,11
210,38.5,166,15.9,16.869,17,0,0.899999999999999,1
551,38,126,11.7,16.871,17,0,0.399999999999999,-1
320,48.3,172,20.1,16.876,17,-0.100000000000001,-0.0999999999999943,1
796,29.8,125,18.2,16.877,17,-0.199999999999999,-1.2,-1
99,51.4,165,18.1,16.886,17,-0.100000000000001,0,-14
979,42.1,100,21.4,16.895,17,-0.199999999999999,-0.700000000000003,0
1549,44.6,223,19.8,16.898,17,0.199999999999999,-0.100000000000001,-1
1426,39.9,102,19.5,16.903,17,0.100000000000001,1,1
1237,44.7,102,14.7,16.913,17,0,-0.300000000000004,-2
667,38.3,125,15.2,16.93,17,-0.199999999999999,1.5,0
441,44.6,168,15.5,16.94,17,-0.199999999999999,-1.7,1
211,39.4,167,15.9,16.955,17,-0.0999999999999996,0.5,2
552,38.4,125,11.7,16.957,17,0,0.700000000000003,2
1771,98.5,213,10.4,16.958,17,0,0,2
321,48.2,173,20,16.962,17,0.199999999999999,-0.300000000000004,-21
797,28.6,124,18,16.963,17,-0.100000000000001,1.6,1
1772,98.5,215,10.4,16.966,17,0,0,-1
100,51.4,151,18,16.974,17,-0.100000000000001,1.3,8
980,41.4,100,21.2,16.981,17,-0.199999999999999,0.800000000000004,1
1550,44.5,222,20,16.984,17,-0.199999999999999,0.299999999999997,1
1427,40.9,103,19.6,16.989,17,-0.400000000000002,1.5,0
1238,44.4,100,14.7,16.999,17,0.200000000000001,-0.100000000000001,0
2050,46.1,221,15.6,17.003,17,0,0.899999999999999,1
668,39.8,125,15,17.016,17,0.0999999999999996,1.1,0
442,42.9,169,15.3,17.026,17,0,1.5,0
212,39.9,169,15.8,17.041,17,0.0999999999999996,-0.100000000000001,0
553,39.1,127,11.7,17.044,17,-0.0999999999999996,1.2,-2
322,47.9,152,20.2,17.048,17,-0.0999999999999979,0.100000000000001,-2
798,30.2,125,17.9,17.049,17,-0.0999999999999979,-0.5,-1
1773,98.5,214,10.4,17.052,17,0,0,1
101,52.7,159,17.9,17.06,17,-0.0999999999999979,0.199999999999996,12
981,42.2,101,21,17.067,17,0,1.4,-1
1551,44.8,223,19.8,17.071,17,-0.199999999999999,0.100000000000001,-19
1428,42.4,103,19.2,17.075,17,0.100000000000001,-0.399999999999999,-1
1239,44.3,100,14.9,17.085,17,-0.0999999999999996,1.3,0
2051,47,222,15.6,17.089,17,-0.0999999999999996,-0.200000000000003,-2
669,40.9,125,15.1,17.102,17,-0.199999999999999,-3.5,0
443,44.4,169,15.3,17.112,17,0,0,2
213,39.8,169,15.9,17.127,17,0.0999999999999996,-0.399999999999999,-5
554,40.3,125,11.6,17.13,17,-0.0999999999999996,0.300000000000004,1
323,48,150,20.1,17.134,17,0,0.100000000000001,0
799,29.7,124,17.8,17.135,17,0.0999999999999979,-1.2,0
1774,98.5,215,10.4,17.138,17,0.0999999999999996,0,2
102,52.9,171,17.8,17.146,17,-0.199999999999999,1.1,0
982,43.6,100,21,17.153,17,1.1,0.5,0
1552,44.9,204,19.6,17.157,17,-0.200000000000003,1.3,21
1429,42,102,19.3,17.161,17,0.199999999999999,1,1
1240,45.6,100,14.8,17.171,17,0,-0.800000000000004,2
2052,46.8,220,15.5,17.175,17,-0.199999999999999,1.6,2
670,37.4,125,14.9,17.188,17,1,-1.7,1
444,44.4,171,15.3,17.198,17,-0.100000000000001,0.300000000000004,-3
214,39.4,164,16,17.213,17,-0.199999999999999,0.600000000000001,-8
555,40.6,126,11.5,17.216,17,0.4,-0.100000000000001,0
324,48.1,150,20.1,17.22,17,-0.200000000000003,0.199999999999996,0
800,28.5,124,17.9,17.221,17,0.5,0.5,-1
1775,98.5,217,10.5,17.224,17,0,0.0999999999999943,-3
103,54,171,17.6,17.232,17,-0.200000000000003,1.1,-1
983,44.1,100,22.1,17.239,17,0.399999999999999,-3.5,0
1553,46.2,225,19.4,17.243,17,-0.299999999999997,1.4,0
1430,43,103,19.5,17.247,17,0.5,-0.399999999999999,0
1241,44.8,102,14.8,17.257,17,0,-0.399999999999999,-2
2053,48.4,222,15.3,17.261,17,-0.4,0.600000000000001,-2
671,35.7,126,15.9,17.274,17,1.3,-2.7,0
445,44.7,168,15.2,17.284,17,0,-0.600000000000001,-13
215,40,156,15.8,17.299,17,-0.100000000000001,0.100000000000001,10
556,40.5,126,11.9,17.302,17,-0.4,0.299999999999997,0
325,48.3,150,19.9,17.306,17,-0.199999999999999,0.5,3
801,29,123,18.4,17.307,17,0.700000000000003,0.100000000000001,1
1776,98.6,214,10.5,17.31,17,0,0,1
104,55.1,170,17.4,17.318,17,-0.0999999999999979,0,-17
984,40.6,100,22.5,17.325,17,-1.3,4.6,-1
1554,47.6,225,19.1,17.329,17,-0.200000000000003,1.4,-2
1431,42.6,103,20,17.333,17,-1.1,3.3,-1
1242,44.4,100,14.8,17.343,17,-0.600000000000001,1.7,0
2054,49,220,14.9,17.347,17,-0.200000000000001,1.3,2
672,33,126,17.2,17.36,17,-0.800000000000001,1.6,-1
446,44.1,155,15.2,17.37,17,0.100000000000001,0.5,16
216,40.1,166,15.7,17.385,17,-0.199999999999999,0.5,3
557,40.8,126,11.5,17.389,17,-0.300000000000001,-0.699999999999996,-4
326,48.8,153,19.7,17.392,17,-0.199999999999999,0.600000000000001,3
802,29.1,124,19.1,17.393,17,-0.100000000000001,0.199999999999999,-1
1777,98.6,215,10.5,17.397,17,0,0,0
105,55.1,153,17.3,17.404,17,-0.199999999999999,0.100000000000001,0
985,45.2,99,21.2,17.411,17,-0.899999999999999,1.7,1
1555,49,223,18.9,17.415,17,-0.199999999999999,0.700000000000003,0
1432,45.9,102,18.9,17.419,17,-0.5,2.1,0
1243,46.1,100,14.2,17.43,17,-0.0999999999999996,0.5,2
2055,50.3,222,14.7,17.433,17,-0.0999999999999996,-0.0999999999999943,-1
673,34.6,125,16.4,17.446,17,-1.2,2.4,0
447,44.6,171,15.3,17.456,17,-0.4,0.399999999999999,-16
217,40.6,169,15.5,17.471,17,-0.199999999999999,0,-11
558,40.1,122,11.2,17.475,17,-0.299999999999999,1.2,6
327,49.4,156,19.5,17.478,17,-0.100000000000001,1.3,-2
803,29.3,123,19,17.479,17,-0.800000000000001,3,0
1778,98.6,215,10.5,17.483,17,0,0.100000000000009,0
106,55.2,153,17.1,17.49,17,-0.200000000000003,0.899999999999999,19
986,46.9,100,20.3,17.497,17,-0.600000000000001,1.9,-1
1556,49.7,223,18.7,17.501,18,-0.199999999999999,-0.200000000000003,-1
1433,48,102,18.4,17.505,18,-0.5,1.3,0
1244,46.6,102,14.1,17.517,18,-0.199999999999999,0.299999999999997,-5
2056,50.2,221,14.6,17.519,18,-0.199999999999999,0.899999999999999,1
674,37,125,15.2,17.532,18,-0.699999999999999,6.7,1
448,45,155,14.9,17.543,18,-0.4,2.1,3
218,40.6,158,15.3,17.558,18,-0.300000000000001,0.899999999999999,-5
559,41.3,128,10.9,17.561,18,-0.200000000000001,0.600000000000001,-2
328,50.7,154,19.4,17.564,18,-0.199999999999999,0.5,-5
804,32.3,123,18.2,17.564,18,-0.899999999999999,3.3,1
1779,98.7,215,10.5,17.569,18,0,-0.100000000000009,0
107,56.1,172,16.9,17.577,18,-0.199999999999999,0,-14
987,48.8,99,19.7,17.583,18,-0.300000000000001,0.100000000000001,1
1557,49.5,222,18.5,17.587,18,-0.300000000000001,-3.1,0
1434,49.3,102,17.9,17.591,18,-0.299999999999997,-0.199999999999996,1
1245,46.9,97,13.9,17.603,18,-0.0999999999999996,1.1,5
2057,51.1,222,14.4,17.605,18,-0.300000000000001,1.4,0
675,43.7,126,14.5,17.618,18,-0.6,2.7,1
449,47.1,158,14.5,17.629,18,-0.300000000000001,1.2,13
219,41.5,153,15,17.644,18,-0.199999999999999,1.3,16
560,41.9,126,10.7,17.647,18,-0.199999999999999,0.300000000000004,1
329,51.2,149,19.2,17.65,18,-0.199999999999999,0.899999999999999,23
805,35.6,124,17.3,17.651,18,-0.600000000000001,1.4,-1
1780,98.6,215,10.5,17.655,18,-0.0999999999999996,0.100000000000009,-1
108,56.1,158,16.7,17.664,18,-0.199999999999999,1.4,-8
988,48.9,100,19.4,17.669,18,-0.199999999999999,1,0
1558,46.4,222,18.2,17.676,18,0,-1.4,1
1435,49.1,103,17.6,17.677,18,-0.5,0.600000000000001,-1
1246,48,102,13.8,17.689,18,-0.200000000000001,0.299999999999997,-1
2058,52.5,222,14.1,17.691,18,-0.0999999999999996,0.5,-1
676,46.4,127,13.9,17.704,18,-0.300000000000001,1.6,-1
450,48.3,171,14.2,17.715,18,-0.299999999999999,0.700000000000003,-2
220,42.8,169,14.8,17.73,18,-0.200000000000001,2.6,-6
561,42.2,127,10.5,17.735,18,-0.0999999999999996,0.599999999999994,0
330,52.1,172,19,17.736,18,-0.199999999999999,1.1,-16
806,37,123,16.7,17.737,18,-0.599999999999998,1,1
1781,98.7,214,10.4,17.742,18,0,-0.100000000000009,1
109,57.5,150,16.5,17.75,18,-0.199999999999999,0.5,2
989,49.9,100,19.2,17.755,18,-0.199999999999999,0.600000000000001,2
1559,45,223,18.2,17.762,18,-0.399999999999999,1,0
1436,49.7,102,17.1,17.763,18,-0.200000000000003,0.399999999999999,1
2059,53,221,14,17.777,18,-0.300000000000001,1.2,0
1247,48.3,101,13.6,17.777,18,-0.0999999999999996,0.700000000000003,0
677,48,126,13.6,17.79,18,-0.0999999999999996,1.6,-1
451,49,169,13.9,17.801,18,-0.0999999999999996,0.299999999999997,-9
221,45.4,163,14.6,17.816,18,-0.299999999999999,3.3,-9
562,42.8,127,10.4,17.821,18,0,0.400000000000006,0
331,53.2,156,18.8,17.822,18,0,-0.600000000000001,19
807,38,124,16.1,17.823,18,-0.400000000000002,1,0
1782,98.6,215,10.4,17.828,18,-0.0999999999999996,0.100000000000009,-1
110,58,152,16.3,17.837,18,-0.100000000000001,0.700000000000003,22
990,50.5,102,19,17.841,18,-0.100000000000001,0.5,-2
1437,50.1,103,16.9,17.849,18,-0.5,1.6,2
1560,46,223,17.8,17.849,18,-0.100000000000001,-0.100000000000001,1
1248,49,101,13.5,17.863,18,-0.0999999999999996,1.2,-2
2060,54.2,221,13.7,17.864,18,-0.0999999999999996,1.4,-1
678,49.6,125,13.5,17.877,18,-0.199999999999999,1.5,0
452,49.3,160,13.8,17.887,18,-0.200000000000001,0.400000000000006,-1
222,48.7,154,14.3,17.902,18,-0.300000000000001,0.199999999999996,16
563,43.2,127,10.4,17.907,18,-0.200000000000001,0.399999999999999,0
332,52.6,175,18.8,17.907,18,-0.199999999999999,0.5,-24
808,39,124,15.7,17.909,18,-0.299999999999999,0.299999999999997,2
1783,98.7,214,10.3,17.914,18,-0.100000000000001,0,1
111,58.7,174,16.2,17.923,18,-0.0999999999999979,0.399999999999999,-21
991,51,100,18.9,17.927,18,-0.199999999999999,0.200000000000003,-1
1561,45.9,224,17.7,17.935,18,-0.199999999999999,0.700000000000003,0
2061,55.6,220,13.6,17.949,18,-0.199999999999999,0.899999999999999,3
1249,50.2,99,13.4,17.95,18,-0.200000000000001,0.5,2
679,51.1,125,13.3,17.963,18,-0.200000000000001,1.4,1
453,49.7,159,13.6,17.973,18,-0.199999999999999,1.3,12
223,48.9,170,14,17.988,18,-0.199999999999999,-0.5,-16
564,43.6,127,10.2,17.993,18,-0.0999999999999996,0.5,-1
333,53.1,151,18.6,17.994,18,0,-0.700000000000003,3
809,39.3,126,15.4,17.995,18,-0.300000000000001,1.1,-2
1784,98.7,215,10.2,18.001,18,0,0.0999999999999943,0
112,59.1,153,16.1,18.009,18,-0.200000000000001,0.100000000000001,18
992,51.2,99,18.7,18.012,18,-0.0999999999999979,0.899999999999999,1
1562,46.6,224,17.5,18.021,18,-0.199999999999999,1.2,-4
1438,51.7,105,16.4,18.023,18,-0.299999999999997,0.799999999999997,-3
2062,56.5,223,13.4,18.036,18,-0.200000000000001,1.4,-7
1250,50.7,101,13.2,18.037,18,-0.0999999999999996,1.3,-3
680,52.5,126,13.1,18.049,18,-0.4,2.2,-2
454,51,171,13.4,18.059,18,0,-0.399999999999999,-17
224,48.4,154,13.8,18.074,18,-0.200000000000001,-1.7,5
565,44.1,126,10.1,18.079,18,0,-0.100000000000001,2
334,52.4,154,18.6,18.079,18,0,0.700000000000003,-4
810,40.4,124,15.1,18.081,18,-0.199999999999999,-1.7,1
1785,98.8,215,10.2,18.087,18,-0.199999999999999,0,0
113,59.2,171,15.9,18.095,18,-0.0999999999999996,0.699999999999996,-13
993,52.1,100,18.6,18.099,18,-0.100000000000001,0.100000000000001,1
1563,47.8,220,17.3,18.107,18,-0.100000000000001,1.7,3
1439,52.5,102,16.1,18.108,18,-0.100000000000001,0.399999999999999,1
2063,57.9,216,13.2,18.122,18,-0.199999999999999,1.4,7
1251,52,98,13.1,18.123,18,-0.199999999999999,0,1
681,54.7,124,12.7,18.135,18,-0.199999999999999,0.199999999999996,0
455,50.6,154,13.4,18.146,18,-0.0999999999999996,0.5,5
225,46.7,159,13.6,18.161,18,-0.199999999999999,0.299999999999997,-3
335,53.1,150,18.6,18.165,18,-0.200000000000003,0.199999999999996,2
566,44,128,10.1,18.166,18,0,-0.200000000000003,-1
811,38.7,125,14.9,18.167,18,-0.0999999999999996,0.899999999999999,-1
1786,98.8,215,10,18.173,18,-0.0999999999999996,0,2
114,59.9,158,15.8,18.182,18,-0.100000000000001,0.300000000000004,-7
994,52.2,101,18.5,18.184,18,0,0.399999999999999,-1
1564,49.5,223,17.2,18.193,18,-0.199999999999999,2,-4
1440,52.9,103,16,18.198,18,-0.199999999999999,1,-1
2064,59.3,223,13,18.208,18,-0.300000000000001,2,-2
1252,52,99,12.9,18.209,18,-0.0999999999999996,0.899999999999999,2
682,54.9,124,12.5,18.221,18,-0.4,1.3,2
456,51.1,159,13.3,18.232,18,-0.200000000000001,0.600000000000001,-4
226,47,156,13.4,18.247,18,-0.300000000000001,18,21
336,53.3,152,18.4,18.251,18,-0.0999999999999979,0.400000000000006,-1
812,39.6,124,14.8,18.253,18,-0.200000000000001,-1.6,0
567,43.8,127,10.1,18.253,18,-0.199999999999999,0.400000000000006,-1
1787,98.8,217,9.9,18.259,18,-0.200000000000001,0.100000000000009,0
115,60.2,151,15.7,18.268,18,-0.0999999999999996,0.399999999999999,3
995,52.6,100,18.5,18.27,18,0,-0.200000000000003,0
1565,51.5,219,17,18.28,18,-0.300000000000001,-0.399999999999999,2
1441,53.9,102,15.8,18.284,18,-0.200000000000001,0.700000000000003,-2
1253,52.9,101,12.8,18.295,18,-0.100000000000001,-0.100000000000001,-4
683,56.2,126,12.1,18.308,18,-0.199999999999999,1.4,0
457,51.7,155,13.1,18.319,18,-0.0999999999999996,0.699999999999996,0
337,53.7,151,18.3,18.337,18,-0.100000000000001,-0.100000000000001,-2
568,44.2,126,9.9,18.339,18,-2.9,23.3,2
813,38,124,14.6,18.339,18,-0.0999999999999996,0,3
1788,98.9,217,9.7,18.345,18,-0.0999999999999996,0,-2
116,60.6,154,15.6,18.354,18,-0.0999999999999996,0.699999999999996,-4
996,52.4,100,18.5,18.356,18,-0.100000000000001,-0.899999999999999,-1
1566,51.1,221,16.7,18.366,18,-0.0999999999999979,0.699999999999996,0
1442,54.6,100,15.6,18.37,18,-0.199999999999999,0.899999999999999,3
1254,52.8,97,12.7,18.381,18,-0.0999999999999996,0.700000000000003,5
2065,61.3,221,12.7,18.382,18,1.2,9.40000000000001,-2
684,57.6,126,11.9,18.394,18,-0.0999999999999996,-0.899999999999999,-1
458,52.4,155,13,18.405,18,-0.0999999999999996,0.300000000000004,18
338,53.6,149,18.2,18.423,18,-0.199999999999999,0.899999999999999,23
814,38,127,14.5,18.425,18,-0.0999999999999996,2.2,-2
1789,98.9,215,9.6,18.431,18,-2.6,-4.7,4
117,61.3,150,15.5,18.441,18,-5.1,1.6,6
997,51.5,99,18.4,18.442,18,-0.0999999999999979,2.5,1
1567,51.8,221,16.6,18.452,18,-5.8,28.8,-2
1443,55.5,103,15.4,18.456,18,-5.3,19.7,2
1255,53.5,102,12.6,18.468,18,-3.5,18.7,7
685,56.7,125,11.8,18.48,18,-5.1,6.09999999999999,4
459,52.7,173,12.9,18.491,18,1.5,-11.9,-47
339,54.5,172,18,18.509,18,-6.3,-1,-1
815,40.2,125,14.4,18.511,18,-5.1,25,3
1269,72.2,109,9.1,8.524,9,0.300000000000001,0.299999999999997,-5
2,58.6,172,14.1,8.535,9,-0.0999999999999996,-0.300000000000004,-11
1160,54,100,18.3,8.544,9,0.5,0.299999999999997,0
1329,60.5,151,10.1,8.547,9,-0.799999999999999,2.8,-44
1330,63.3,107,9.3,8.55,9,-0.4,1.5,0
1953,94.2,219,7,8.554,9,0.0999999999999996,1.39999999999999,1
1731,80.6,219,10.8,8.581,9,0.199999999999999,-0.399999999999992,4
360,53.5,171,11.7,8.59,9,0.200000000000001,0.100000000000001,-17
1270,72.5,104,9.4,8.611,9,0.199999999999999,0.299999999999997,0
884,77.3,100,10.1,8.621,9,0,0.5,0
3,58.3,161,14,8.621,9,0.199999999999999,-1.09999999999999,-4
1161,54.3,100,18.8,8.63,9,0.399999999999999,-1.7,-5
1331,64.8,107,8.9,8.636,9,-3.3,15.9,-2
1954,95.6,220,7.1,8.64,9,0.300000000000001,1.10000000000001,-1
825,65.2,128,9.3,8.664,9,-0.100000000000001,0.0999999999999943,-1
1732,80.2,223,11,8.667,9,0.4,-1.40000000000001,7
361,53.6,154,11.9,8.676,9,0.299999999999999,0.399999999999999,-2
570,67.5,128,7,8.679,9,-0.2,-1.90000000000001,0
227,65,177,13.1,8.689,9,0.700000000000001,-2,-3
1271,72.8,104,9.6,8.699,9,0.0999999999999996,0.700000000000003,1
571,65.6,128,6.8,8.703,9,-0.0999999999999996,0.5,2
885,77.8,100,10.1,8.707,9,0.0999999999999996,-0.599999999999994,-1
4,57.2,157,14.2,8.707,9,0.100000000000001,-1.2,-8
1162,52.6,95,19.2,8.716,9,0.100000000000001,0.600000000000001,5
572,66.1,130,6.7,8.718,9,0,0.600000000000009,-2
1332,80.7,105,5.6,8.723,9,-0.399999999999999,4.59999999999999,-3
1955,96.7,219,7.4,8.726,9,0.199999999999999,0,0
573,66.7,128,6.7,8.733,9,-0.100000000000001,-0.100000000000009,-1
826,65.3,127,9.2,8.751,9,-0.899999999999999,4.40000000000001,0
1733,78.8,230,11.4,8.753,9,0.4,-1.59999999999999,-7
362,54,152,12.2,8.762,9,-0.199999999999999,-1.7,-1
1272,73.5,105,9.7,8.785,9,0.300000000000001,-3,-1
886,77.2,99,10.2,8.793,9,0.300000000000001,0.599999999999994,1
5,56,149,14.3,8.794,9,0,1,24
1163,53.2,100,19.3,8.802,9,0.0999999999999979,-1.6,-3
1333,85.3,102,5.2,8.809,9,-0.100000000000001,1.10000000000001,0
1956,96.7,219,7.6,8.812,9,0.2,-0.299999999999997,1
574,66.6,127,6.6,8.822,9,0,0.600000000000009,0
827,69.7,127,8.3,8.837,9,0,1.39999999999999,1
1734,77.2,223,11.8,8.839,9,0.799999999999999,-2.8,3
363,52.3,151,12,8.849,9,0.199999999999999,0.800000000000004,4
228,63,174,13.8,8.861,9,0.199999999999999,-1,-18
1273,70.5,104,10,8.871,9,0.199999999999999,-1.09999999999999,-3
887,77.8,100,10.5,8.879,9,0.6,-1.59999999999999,1
6,57,173,14.3,8.88,9,0.299999999999999,-3.2,-8
1164,51.6,97,19.4,8.888,9,0.200000000000003,-0.899999999999999,2
1334,86.4,102,5.1,8.895,9,0.100000000000001,0.599999999999994,23
1957,96.4,220,7.8,8.899,9,-0.0999999999999996,-4.60000000000001,1
575,67.2,127,6.6,8.908,9,0.2,-1.2,1
703,62.8,129,6.7,8.916,9,-0.100000000000001,0.400000000000006,0
828,71.1,128,8.3,8.923,9,0.299999999999999,-1.3,0
1735,74.4,226,12.6,8.926,9,-0.199999999999999,-0.800000000000011,-2
462,40.8,126,14.4,8.934,9,0.4,0.400000000000006,-1
364,53.1,155,12.2,8.935,9,0.4,-1,18
229,62,156,14,8.947,9,0.199999999999999,-0.700000000000003,16
118,62.9,156,10.4,8.948,9,-0.200000000000001,-0.100000000000001,-3
704,63.2,129,6.6,8.952,9,-0.699999999999999,4,2
1274,69.4,101,10.2,8.957,9,0.200000000000001,1.39999999999999,2
1459,75.2,105,10.1,8.959,9,-0.199999999999999,1.3,100
888,76.2,101,11.1,8.965,9,0.9,-0.799999999999997,-1
7,53.8,165,14.6,8.966,9,0.200000000000001,1.8,-11
1165,50.7,99,19.6,8.974,9,-0.200000000000003,1.3,1
1335,87,125,5.2,8.981,9,0.0999999999999996,-0.200000000000003,-22
1958,91.8,221,7.7,8.985,9,0.3,1.8,-1
576,66,128,6.8,8.994,9,0.2,0.400000000000006,1
829,69.8,128,8.6,9.009,9,0.4,-0.200000000000003,-1
1736,73.6,224,12.4,9.013,9,0.199999999999999,0.900000000000006,-1
365,52.1,173,12.6,9.021,9,0.300000000000001,0.5,-20
230,61.3,172,14.2,9.034,9,0.200000000000001,0,5
119,62.8,153,10.2,9.034,9,0.100000000000001,-0.299999999999997,20
705,67.2,131,5.9,9.038,9,-0.7,3.2,-2
1275,70.8,103,10.4,9.043,9,0,-1,3
1460,76.5,205,9.9,9.046,9,-0.5,5.09999999999999,5
889,75.4,100,12,9.051,9,0.9,-2.90000000000001,1
8,55.6,154,14.8,9.052,9,0.399999999999999,-2.3,21
1166,52,100,19.4,9.06,9,-0.299999999999997,-1.5,0
1336,86.8,103,5.3,9.067,9,0.600000000000001,-0.0999999999999943,0
1959,93.6,220,8,9.071,9,0.0999999999999996,1.2,0
577,66.4,129,7,9.08,9,0.0999999999999996,-1.40000000000001,3
830,69.6,127,9,9.095,9,0.6,-0.199999999999989,0
1737,74.5,223,12.6,9.099,9,0.200000000000001,-1.59999999999999,-2
366,52.6,153,12.9,9.109,9,0.0999999999999996,-0.100000000000001,21
120,62.5,173,10.3,9.121,9,0.0999999999999996,0.399999999999999,-4
706,70.4,129,5.2,9.125,9,0.0999999999999996,0.699999999999989,0
1276,69.8,106,10.4,9.129,9,0,-1.09999999999999,-3
1461,81.6,210,9.4,9.132,9,0,0.800000000000011,8
890,72.5,101,12.9,9.137,9,0.4,-1.40000000000001,0
9,53.3,175,15.2,9.138,9,0.4,-0.699999999999996,-24
1337,86.7,103,5.9,9.153,9,0.399999999999999,-1.7,1
1960,94.8,220,8.1,9.158,9,0.200000000000001,-0.599999999999994,1
578,65,132,7.1,9.166,9,0.2,-0.400000000000006,-3
831,69.4,127,9.6,9.181,9,0.9,-1.5,-1
1738,72.9,221,12.8,9.186,9,0.199999999999999,0.0999999999999943,1
367,52.5,174,13,9.195,9,0,-1.4,-21
463,41.2,125,14.8,9.199,9,0,0.399999999999999,0
231,61.3,177,14.4,9.207,9,0.199999999999999,0.300000000000004,-25
121,62.9,169,10.4,9.207,9,0.299999999999999,0.700000000000003,-9
707,71.1,129,5.3,9.211,9,0.2,1.10000000000001,-1
1277,68.7,103,10.4,9.216,9,0.199999999999999,-0.400000000000006,1
1462,82.4,218,9.4,9.218,9,0.199999999999999,1.19999999999999,4
891,71.1,101,13.3,9.223,9,0.6,-2.59999999999999,1
10,52.6,151,15.6,9.224,9,0.200000000000001,-2.2,12
1167,50.5,100,19.1,9.234,9,0.0999999999999979,0.799999999999997,0
1338,85,104,6.3,9.241,9,0.600000000000001,-2,5
1961,94.2,221,8.3,9.244,9,0.199999999999999,-0.700000000000003,-1
579,64.6,129,7.3,9.252,9,0,-1.39999999999999,-2
832,67.9,126,10.5,9.267,9,0.4,-2.40000000000001,1
1739,73,222,13,9.272,9,0,-0.700000000000003,1
368,51.1,153,13,9.282,9,0.199999999999999,1,0
464,41.6,125,14.8,9.285,9,0.399999999999999,-2.8,0
122,63.6,160,10.7,9.293,9,0.100000000000001,-2.4,10
232,61.6,152,14.6,9.293,9,0.0999999999999996,-1.5,19
708,72.2,128,5.5,9.297,9,0.2,-2,0
1278,68.3,104,10.6,9.302,9,0.0999999999999996,-2,-1
1463,83.6,222,9.6,9.305,9,0.300000000000001,-0.799999999999997,0
892,68.5,102,13.9,9.309,9,0.299999999999999,-1.5,0
11,50.4,163,15.8,9.311,9,0.199999999999999,-2.1,9
1168,51.3,100,19.2,9.32,9,-0.0999999999999979,0.300000000000004,0
1339,83,109,6.9,9.327,9,0.399999999999999,0.200000000000003,-7
1962,93.5,220,8.5,9.331,9,0.0999999999999996,-5.09999999999999,0
580,63.2,127,7.3,9.339,9,0.2,0.5,1
833,65.5,127,10.9,9.353,9,0.9,-1.7,-1
1740,72.3,223,13,9.357,9,-0.0999999999999996,1.2,-1
369,52.1,153,13.2,9.368,9,0,-1.3,1
465,38.8,125,15.2,9.371,9,0.200000000000001,0.800000000000004,0
233,60.1,171,14.7,9.379,9,0.100000000000001,0.5,-1
123,61.2,170,10.8,9.379,9,0.0999999999999996,-0.400000000000006,-18
709,70.2,128,5.7,9.384,9,0.2,-0.200000000000003,2
1279,66.3,103,10.7,9.387,9,0.5,-3.7,0
1464,82.8,222,9.9,9.391,9,0.5,-0.200000000000003,-1
893,67,102,14.2,9.395,9,0.4,-0.400000000000006,0
12,48.3,172,16,9.398,9,0,0.100000000000001,-7
1169,51.6,100,19.1,9.406,9,0,-1.1,-1
1340,83.2,102,7.3,9.413,9,0.4,-0.799999999999997,1
1963,88.4,220,8.6,9.417,9,0,1.39999999999999,0
581,63.7,128,7.5,9.425,9,0.2,-1.2,0
834,63.8,126,11.8,9.439,9,0.199999999999999,-1.2,0
1741,73.5,222,12.9,9.444,9,0.0999999999999996,1.90000000000001,0
370,50.8,154,13.2,9.454,9,0,1.3,24
466,39.6,125,15.4,9.457,9,0.0999999999999996,-6.4,-2
124,60.8,152,10.9,9.465,9,0.199999999999999,0.600000000000001,22
234,60.6,170,14.8,9.466,9,-0.100000000000001,-0.399999999999999,-16
710,70,130,5.9,9.47,9,0.5,0,-2
1280,62.6,103,11.2,9.474,9,0.4,-1.2,-1
1465,82.6,221,10.4,9.478,9,0.199999999999999,-1.69999999999999,3
894,66.6,102,14.6,9.482,9,0.5,-0.0999999999999943,-3
13,48.4,165,16,9.484,9,-0.0999999999999996,0.399999999999999,10
1170,50.5,99,19.1,9.492,9,-0.100000000000001,-0.100000000000001,1
1341,82.4,103,7.7,9.499,9,0.3,-1.10000000000001,1
1964,89.8,220,8.6,9.503,10,0.5,-14.7,1
582,62.5,128,7.7,9.511,10,0.0999999999999996,0.600000000000001,0
835,62.6,126,12,9.525,10,1,-0.399999999999999,-1
1742,75.4,222,13,9.53,10,0.699999999999999,-2,4
467,33.2,123,15.5,9.543,10,0.199999999999999,1.9,2
125,61.4,174,11.1,9.551,10,0.0999999999999996,-1.4,-16
235,60.2,154,14.7,9.554,10,0.4,-0.5,18
711,70,128,6.4,9.556,10,0.199999999999999,-0.599999999999994,-1
1281,61.4,102,11.6,9.56,10,0.200000000000001,-1.5,2
1466,80.9,224,10.6,9.564,10,0.5,0.299999999999997,-6
895,66.5,99,15.1,9.568,10,0.5,-2.3,1
14,48.8,175,15.9,9.57,10,0.0999999999999996,0.800000000000004,-18
1171,50.4,100,19,9.578,10,-0.100000000000001,0.800000000000004,2
1342,81.3,104,8,9.586,10,0.4,-1.5,-2
1965,75.1,221,9.1,9.589,10,0.4,-4.59999999999999,-2
583,63.1,128,7.8,9.597,10,0,-0.399999999999999,0
836,62.2,125,13,9.611,10,0.4,-0.800000000000004,-1
1743,73.4,226,13.7,9.616,10,0.4,-0.600000000000009,-3
468,35.1,125,15.7,9.629,10,0,-0.600000000000001,0
126,60,158,11.2,9.637,10,0.100000000000001,0.200000000000003,-4
236,59.7,172,15.1,9.64,10,0.5,-0.5,-14
712,69.4,127,6.6,9.642,10,0.4,-1.5,0
1282,59.9,104,11.8,9.646,10,0.199999999999999,0.100000000000001,-5
1467,81.2,218,11.1,9.65,10,0.200000000000001,-1.2,9
896,64.2,100,15.6,9.654,10,0.500000000000002,-5.7,-1
15,49.6,157,16,9.656,10,0.199999999999999,-2.3,6
1172,51.2,102,18.9,9.664,10,0.100000000000001,-0.300000000000004,-3
1343,79.8,102,8.4,9.672,10,0.5,-1.39999999999999,2
1966,70.5,219,9.5,9.676,10,0.0999999999999996,-3.2,0
584,62.7,128,7.8,9.685,10,0.399999999999999,0.199999999999996,1
837,61.4,124,13.4,9.698,10,0.199999999999999,0.899999999999999,2
1744,72.8,223,14.1,9.702,10,0.200000000000001,-4.59999999999999,0
371,52.1,178,13.2,9.713,10,0,0.899999999999999,-25
469,34.5,125,15.7,9.717,10,0,0.5,0
127,60.2,154,11.3,9.724,10,0,-1.8,5
237,59.2,158,15.6,9.726,10,0.200000000000001,-0.100000000000001,1
713,67.9,127,7,9.728,10,0.2,-1.40000000000001,1
1283,60,99,12,9.732,10,0.0999999999999996,-1.7,4
1468,80,227,11.3,9.737,10,0.5,-2.90000000000001,-5
897,58.5,99,16.1,9.741,10,0.799999999999997,-4.3,1
16,47.3,163,16.2,9.742,10,0,0.400000000000006,-12
1173,50.9,99,19,9.75,10,0.600000000000001,0,0
1344,78.4,104,8.9,9.758,10,0.299999999999999,-2.30000000000001,0
1967,67.3,219,9.6,9.761,10,0,-0.599999999999994,0
838,62.3,126,13.6,9.784,10,0.5,-1.09999999999999,-1
1745,68.2,223,14.3,9.788,10,0.299999999999999,-1.90000000000001,-10
372,53,153,13.2,9.799,10,0.200000000000001,-0.899999999999999,1
470,35,125,15.7,9.803,10,-0.199999999999999,0.399999999999999,0
128,58.4,159,11.3,9.81,10,0.199999999999999,1.1,-5
238,59.1,159,15.8,9.814,10,0,-0.800000000000004,0
714,66.5,128,7.2,9.815,10,0.399999999999999,-0.5,0
1284,58.3,103,12.1,9.818,10,0.5,-1.09999999999999,1
1469,77.1,222,11.8,9.824,10,0.299999999999999,0,1
898,54.2,100,16.9,9.827,10,0.300000000000001,-0.100000000000001,-1
17,47.7,151,16.2,9.828,10,0.400000000000002,1,20
1174,50.9,99,19.6,9.836,10,0.199999999999999,-1.1,0
1345,76.1,104,9.2,9.844,10,0.5,-0.299999999999997,0
1968,66.7,219,9.6,9.848,10,0.200000000000001,-1,1
585,62.9,129,8.2,9.859,10,0,-2.2,-5
839,61.2,125,14.1,9.87,10,0.300000000000001,-2.1,-1
1746,66.3,213,14.6,9.874,10,0.300000000000001,-2.8,12
373,52.1,154,13.4,9.885,10,0.199999999999999,-0.5,13
471,35.4,125,15.5,9.889,10,0.0999999999999996,0.600000000000001,0
129,59.5,154,11.5,9.897,10,0.300000000000001,-1,11
239,58.3,159,15.8,9.901,10,0.199999999999999,-2.2,4
715,66,128,7.6,9.901,10,0.100000000000001,-1,-1
1285,57.2,104,12.6,9.904,10,0,0,0
1470,77.1,223,12.1,9.911,10,0.9,-2.3,0
899,54.1,99,17.2,9.913,10,0.5,-0.700000000000003,0
18,48.7,171,16.6,9.914,10,0.399999999999999,-3.2,4
1175,49.8,99,19.8,9.922,10,-0.100000000000001,0.300000000000004,2
1346,75.8,104,9.7,9.93,10,0.4,-0.5,3
1969,65.7,220,9.8,9.934,10,0.0999999999999996,-3.2,0
586,60.7,124,8.2,9.945,10,0,-0.200000000000003,6
840,59.1,124,14.4,9.956,10,0.299999999999999,-1.2,1
1747,63.5,225,14.9,9.96,10,0,0.799999999999997,-2
374,51.6,167,13.6,9.971,10,-0.199999999999999,0.699999999999996,0
472,36,125,15.6,9.975,10,-0.299999999999999,0.399999999999999,0
130,58.5,165,11.8,9.984,10,0,-0.600000000000001,5
240,56.1,163,16,9.987,10,0.300000000000001,-0.899999999999999,11
716,65,127,7.7,9.987,10,0.2,0.400000000000006,2
1286,57.2,104,12.6,9.99,10,0.300000000000001,0.599999999999994,-1
900,53.4,99,17.7,9.999,10,-0.0999999999999979,-1.2,1
