,humidity,rain,temperature,timestamp,hour
0,61.5,125,13.8,2024-08-28 08:21:44.525000,8
1,58.2,173,14,2024-08-28 08:26:54.088000,8
2,58.6,172,14.1,2024-08-28 08:32:05.827000,9
3,58.3,161,14,2024-08-28 08:37:16.258000,9
4,57.2,157,14.2,2024-08-28 08:42:26.438000,9
5,56,149,14.3,2024-08-28 08:47:39.335000,9
6,57,173,14.3,2024-08-28 08:52:49.092000,9
7,53.8,165,14.6,2024-08-28 08:57:58.608000,9
8,55.6,154,14.8,2024-08-28 09:03:08.063000,9
9,53.3,175,15.2,2024-08-28 09:08:17.513000,9
10,52.6,151,15.6,2024-08-28 09:13:26.975000,9
11,50.4,163,15.8,2024-08-28 09:18:38.180000,9
12,48.3,172,16,2024-08-28 09:23:53.232000,9
13,48.4,165,16,2024-08-28 09:29:03,9
14,48.8,175,15.9,2024-08-28 09:34:12.385000,10
15,49.6,157,16,2024-08-28 09:39:21.843000,10
16,47.3,163,16.2,2024-08-28 09:44:31.294000,10
17,47.7,151,16.2,2024-08-28 09:49:40.755000,10
18,48.7,171,16.6,2024-08-28 09:54:50.209000,10
19,45.5,175,17,2024-08-28 09:59:59.668000,10
20,43.8,150,17.4,2024-08-28 10:05:09.229000,10
21,42.7,154,17.5,2024-08-28 10:10:18.677000,10
22,42.6,165,17.9,2024-08-28 10:15:28.137000,10
23,41.9,152,18,2024-08-28 10:20:37.601000,10
24,40.7,172,18.2,2024-08-28 10:25:47.160000,10
25,40.3,173,18.2,2024-08-28 10:30:56.615000,10
26,40.7,177,18.1,2024-08-28 10:36:06.167000,11
27,39.9,152,17.9,2024-08-28 10:41:15.833000,11
28,40.1,151,17.7,2024-08-28 10:46:25.599000,11
29,41.1,155,17.8,2024-08-28 10:51:34.954000,11
30,40.3,175,18,2024-08-28 10:56:44.829000,11
31,41.2,172,18.1,2024-08-28 11:01:54.280000,11
32,39.6,174,18.3,2024-08-28 11:07:03.743000,11
33,41.1,167,18.3,2024-08-28 11:12:13.195000,11
34,43.1,173,18.3,2024-08-28 11:17:22.651000,11
35,41.6,152,18.4,2024-08-28 11:22:32.535000,11
36,43.1,154,18.2,2024-08-28 11:27:43.947000,11
37,43.7,152,18,2024-08-28 11:32:53.373000,12
38,44.1,170,17.8,2024-08-28 11:38:02.834000,12
39,45.2,160,17.8,2024-08-28 11:43:13.336000,12
40,43.8,152,18.2,2024-08-28 11:48:22.769000,12
41,43.6,150,18.6,2024-08-28 11:53:35.197000,12
42,43.7,155,18.8,2024-08-28 11:58:44.854000,12
43,43.5,163,18.9,2024-08-28 12:03:54.321000,12
44,43.8,151,19,2024-08-28 12:09:03.704000,12
45,43.4,170,19.1,2024-08-28 12:14:15.209000,12
46,44.4,171,19.2,2024-08-28 12:19:24.848000,12
47,43.5,159,19.3,2024-08-28 12:24:34.328000,12
48,43.8,166,19.4,2024-08-28 12:29:43.651000,12
49,44.4,170,19.6,2024-08-28 12:34:53.105000,13
50,42.3,155,19.7,2024-08-28 12:40:02.459000,13
51,40.9,170,19.8,2024-08-28 12:45:11.836000,13
52,38.9,174,19.8,2024-08-28 12:50:21.171000,13
53,40,152,20,2024-08-28 12:55:30.628000,13
54,39.5,153,20.1,2024-08-28 13:00:39.978000,13
55,40.4,164,20.2,2024-08-28 13:05:49.349000,13
56,40.8,155,20.1,2024-08-28 13:10:58.707000,13
57,40.1,164,20,2024-08-28 13:16:08.154000,13
58,40.1,155,20.2,2024-08-28 13:21:17.529000,13
59,39.2,153,20.1,2024-08-28 13:26:26.858000,13
60,40.2,171,20.3,2024-08-28 13:31:38.314000,14
61,39.8,174,20.3,2024-08-28 13:36:47.755000,14
62,40.4,171,20.5,2024-08-28 13:41:57.174000,14
63,39.1,171,20.4,2024-08-28 13:47:07.576000,14
64,41,154,20.7,2024-08-28 13:52:16.809000,14
65,40.7,150,20.9,2024-08-28 13:57:30.570000,14
66,40.7,151,20.7,2024-08-28 14:02:40.023000,14
67,39.4,160,20.8,2024-08-28 14:07:49.482000,14
68,39.9,153,20.4,2024-08-28 14:12:58.834000,14
69,41.6,163,20.7,2024-08-28 14:18:08.210000,14
70,40,170,20.6,2024-08-28 14:23:17.755000,14
71,40,161,21,2024-08-28 14:28:27.102000,14
72,39.5,162,20.7,2024-08-28 14:33:36.669000,15
73,40.9,153,20.7,2024-08-28 14:38:46.326000,15
74,40.4,150,20.6,2024-08-28 14:43:55.676000,15
75,40.9,152,20.5,2024-08-28 14:49:05.144000,15
76,41.3,172,20.4,2024-08-28 14:54:14.600000,15
77,41.9,164,20.6,2024-08-28 14:59:23.953000,15
78,40.5,153,20.6,2024-08-28 15:04:34.538000,15
79,39.8,154,20.1,2024-08-28 15:09:43.888000,15
80,40.8,172,19.7,2024-08-28 15:14:53.346000,15
81,41.6,154,19.7,2024-08-28 15:20:05.377000,15
82,41.6,172,19.6,2024-08-28 15:25:15.231000,15
83,43.5,165,19.4,2024-08-28 15:30:24.899000,16
84,42.9,170,19.4,2024-08-28 15:35:34.461000,16
85,42.8,170,19.5,2024-08-28 15:40:44.024000,16
86,44,152,19.4,2024-08-28 15:45:53.472000,16
87,44.8,154,19.1,2024-08-28 15:51:05.364000,16
88,44.9,151,18.8,2024-08-28 15:56:15.370000,16
89,44.9,180,19.3,2024-08-28 16:01:28.287000,16
90,45.5,152,19.1,2024-08-28 16:06:37.661000,16
91,45.2,170,19.3,2024-08-28 16:11:47.012000,16
92,44.9,153,19.1,2024-08-28 16:16:56.888000,16
93,46.5,174,18.8,2024-08-28 16:22:06.538000,16
94,46.3,150,18.8,2024-08-28 16:27:16.300000,16
95,46.8,153,18.9,2024-08-28 16:32:25.659000,17
96,48.3,173,18.7,2024-08-28 16:37:38.482000,17
97,50.2,157,18.6,2024-08-28 16:42:48.973000,17
98,51.1,150,18.4,2024-08-28 16:48:01.627000,17
99,51.4,165,18.1,2024-08-28 16:53:11.369000,17
100,51.4,151,18,2024-08-28 16:58:25.463000,17
101,52.7,159,17.9,2024-08-28 17:03:35.114000,17
102,52.9,171,17.8,2024-08-28 17:08:45.811000,17
103,54,171,17.6,2024-08-28 17:13:55.552000,17
104,55.1,170,17.4,2024-08-28 17:19:05.007000,17
105,55.1,153,17.3,2024-08-28 17:24:14.359000,17
106,55.2,153,17.1,2024-08-28 17:29:24.766000,17
107,56.1,172,16.9,2024-08-28 17:34:37.221000,18
108,56.1,158,16.7,2024-08-28 17:39:52.378000,18
109,57.5,150,16.5,2024-08-28 17:45:01.924000,18
110,58,152,16.3,2024-08-28 17:50:12.402000,18
111,58.7,174,16.2,2024-08-28 17:55:22.296000,18
112,59.1,153,16.1,2024-08-28 18:00:32.131000,18
113,59.2,171,15.9,2024-08-28 18:05:41.602000,18
114,59.9,158,15.8,2024-08-28 18:10:55.580000,18
115,60.2,151,15.7,2024-08-28 18:16:05.019000,18
116,60.6,154,15.6,2024-08-28 18:21:16.218000,18
117,61.3,150,15.5,2024-08-28 18:26:26.078000,18
118,62.9,156,10.4,2024-08-29 08:56:52.061000,9
119,62.8,153,10.2,2024-08-29 09:02:04.907000,9
120,62.5,173,10.3,2024-08-29 09:07:14.864000,9
121,62.9,169,10.4,2024-08-29 09:12:24.641000,9
122,63.6,160,10.7,2024-08-29 09:17:34.294000,9
123,61.2,170,10.8,2024-08-29 09:22:44.056000,9
124,60.8,152,10.9,2024-08-29 09:27:53.934000,9
125,61.4,174,11.1,2024-08-29 09:33:05.274000,10
126,60,158,11.2,2024-08-29 09:38:15.714000,10
127,60.2,154,11.3,2024-08-29 09:43:27.479000,10
128,58.4,159,11.3,2024-08-29 09:48:37.759000,10
129,59.5,154,11.5,2024-08-29 09:53:50.946000,10
130,58.5,165,11.8,2024-08-29 09:59:03.488000,10
131,57.9,170,11.8,2024-08-29 10:04:13.460000,10
132,57.1,155,11.9,2024-08-29 10:09:29.648000,10
133,56.1,157,12,2024-08-29 10:14:39.540000,10
134,57.9,154,12.3,2024-08-29 10:19:49.387000,10
135,55.9,177,12.4,2024-08-29 10:24:59.463000,10
136,54.6,161,12.7,2024-08-29 10:30:09.734000,10
137,54.6,165,12.7,2024-08-29 10:35:19.606000,11
138,54.3,162,12.9,2024-08-29 10:40:29.276000,11
139,54.9,170,13.1,2024-08-29 10:45:39.021000,11
140,53.3,154,13.1,2024-08-29 10:50:48.794000,11
141,53,158,13.2,2024-08-29 10:55:58.459000,11
142,53,157,13.3,2024-08-29 11:01:08.526000,11
143,51.4,170,13.3,2024-08-29 11:06:18.713000,11
144,49.5,162,13.6,2024-08-29 11:11:28.465000,11
145,49.5,154,13.6,2024-08-29 11:16:38.448000,11
146,47.7,170,14,2024-08-29 11:21:48.195000,11
147,48.7,172,13.8,2024-08-29 11:26:57.860000,11
148,45.3,159,14.2,2024-08-29 11:32:07.730000,12
149,48.7,172,14.3,2024-08-29 11:37:17.703000,12
150,43.6,153,14.4,2024-08-29 11:42:27.472000,12
151,43.1,170,14.8,2024-08-29 11:47:37.323000,12
152,42.9,152,14.6,2024-08-29 11:52:47.194000,12
153,44.3,158,14.6,2024-08-29 11:57:56.961000,12
154,43.4,171,14.8,2024-08-29 12:03:06.727000,12
155,43.3,169,14.9,2024-08-29 12:08:16.387000,12
156,44.7,171,14.8,2024-08-29 12:13:25.947000,12
157,44.2,172,15,2024-08-29 12:18:35.612000,12
158,44.4,153,15.1,2024-08-29 12:23:45.370000,12
159,46.8,165,15,2024-08-29 12:28:55.135000,12
160,44,166,15.2,2024-08-29 12:34:04.802000,13
161,43.8,152,15.4,2024-08-29 12:39:14.356000,13
162,41.9,153,15.2,2024-08-29 12:44:24.025000,13
163,41.6,157,15.3,2024-08-29 12:49:33.890000,13
164,42.7,156,15.4,2024-08-29 12:54:43.547000,13
165,43.6,170,15.4,2024-08-29 12:59:53.423000,13
166,41.7,168,15.8,2024-08-29 13:05:03.288000,13
167,43,161,15.7,2024-08-29 13:10:12.953000,13
168,41.3,169,15.8,2024-08-29 13:15:22.504000,13
169,43.3,152,15.8,2024-08-29 13:20:32.168000,13
170,41.7,171,15.8,2024-08-29 13:25:41.824000,13
171,43.7,170,15.8,2024-08-29 13:30:51.393000,14
172,41.8,157,16,2024-08-29 13:36:01.050000,14
173,38,157,15.7,2024-08-29 13:41:10.714000,14
174,40,153,15.7,2024-08-29 13:46:20.373000,14
175,40.6,154,15.8,2024-08-29 13:51:30.044000,14
176,39.8,154,15.8,2024-08-29 13:56:39.596000,14
177,40.3,155,16.7,2024-08-29 14:01:49.263000,14
178,38.5,165,16.1,2024-08-29 14:06:58.924000,14
179,41.1,157,15.9,2024-08-29 14:12:08.488000,14
180,40.9,166,15.7,2024-08-29 14:17:18.048000,14
181,41,169,15.9,2024-08-29 14:22:27.704000,14
182,39.6,167,15.9,2024-08-29 14:27:37.464000,14
183,38.4,157,16.1,2024-08-29 14:32:47.124000,15
184,38.3,153,15.9,2024-08-29 14:37:56.795000,15
185,39.4,170,15.9,2024-08-29 14:43:06.469000,15
186,38.7,156,16.3,2024-08-29 14:48:16.113000,15
187,39.6,156,16,2024-08-29 14:53:25.570000,15
188,42.8,157,16.3,2024-08-29 14:58:35.130000,15
189,40.1,175,16,2024-08-29 15:03:44.701000,15
190,43.1,172,16.3,2024-08-29 15:08:54.557000,15
191,41.2,162,16.3,2024-08-29 15:14:04.114000,15
192,42.3,169,16.3,2024-08-29 15:19:13.789000,15
193,40,169,16.5,2024-08-29 15:24:23.337000,15
194,38.6,159,16.3,2024-08-29 15:29:33.006000,15
195,34.7,170,16.4,2024-08-29 15:34:42.664000,16
196,36.1,169,16.5,2024-08-29 15:39:52.323000,16
197,32.8,154,16.1,2024-08-29 15:45:02.401000,16
198,32.9,167,16.2,2024-08-29 15:50:12.061000,16
199,34.2,169,16,2024-08-29 15:55:21.827000,16
200,35.7,170,16,2024-08-29 16:00:31.896000,16
201,36.3,169,16.1,2024-08-29 16:05:41.454000,16
202,36.7,169,16,2024-08-29 16:10:51.218000,16
203,37.1,156,16,2024-08-29 16:16:00.983000,16
204,39.3,153,16.1,2024-08-29 16:21:10.548000,16
205,38.4,155,16.6,2024-08-29 16:26:20.311000,16
206,36.9,166,16.5,2024-08-29 16:31:29.975000,17
207,37.9,170,16.5,2024-08-29 16:36:39.438000,17
208,38.5,168,16.1,2024-08-29 16:41:49,17
209,38.6,155,16.1,2024-08-29 16:46:58.551000,17
210,38.5,166,15.9,2024-08-29 16:52:08.113000,17
211,39.4,167,15.9,2024-08-29 16:57:17.679000,17
212,39.9,169,15.8,2024-08-29 17:02:27.228000,17
213,39.8,169,15.9,2024-08-29 17:07:36.688000,17
214,39.4,164,16,2024-08-29 17:12:46.299000,17
215,40,156,15.8,2024-08-29 17:17:55.814000,17
216,40.1,166,15.7,2024-08-29 17:23:05.468000,17
217,40.6,169,15.5,2024-08-29 17:28:15.640000,17
218,40.6,158,15.3,2024-08-29 17:33:28.837000,18
219,41.5,153,15,2024-08-29 17:38:38.347000,18
220,42.8,169,14.8,2024-08-29 17:43:47.908000,18
221,45.4,163,14.6,2024-08-29 17:48:57.817000,18
222,48.7,154,14.3,2024-08-29 17:54:08.061000,18
223,48.9,170,14,2024-08-29 17:59:17.810000,18
224,48.4,154,13.8,2024-08-29 18:04:27.931000,18
225,46.7,159,13.6,2024-08-29 18:09:39.694000,18
226,47,156,13.4,2024-08-29 18:14:49.674000,18
227,65,177,13.1,2024-08-30 08:41:21.262000,9
228,63,174,13.8,2024-08-30 08:51:41.976000,9
229,62,156,14,2024-08-30 08:56:51.653000,9
230,61.3,172,14.2,2024-08-30 09:02:01.307000,9
231,61.3,177,14.4,2024-08-30 09:12:27.432000,9
232,61.6,152,14.6,2024-08-30 09:17:36.955000,9
233,60.1,171,14.7,2024-08-30 09:22:46.501000,9
234,60.6,170,14.8,2024-08-30 09:27:58.855000,9
235,60.2,154,14.7,2024-08-30 09:33:13.223000,10
236,59.7,172,15.1,2024-08-30 09:38:23.257000,10
237,59.2,158,15.6,2024-08-30 09:43:32.914000,10
238,59.1,159,15.8,2024-08-30 09:48:52.325000,10
239,58.3,159,15.8,2024-08-30 09:54:05.368000,10
240,56.1,163,16,2024-08-30 09:59:14.827000,10
241,55.2,174,16.3,2024-08-30 10:04:24.381000,10
242,54.8,176,16.4,2024-08-30 10:09:33.840000,10
243,54.7,153,16.6,2024-08-30 10:14:43.302000,10
244,52.6,156,17.4,2024-08-30 10:19:52.854000,10
245,52.3,172,17.3,2024-08-30 10:25:02.316000,10
246,51.2,169,17.8,2024-08-30 10:30:11.787000,10
247,51.3,175,17.5,2024-08-30 10:35:21.229000,11
248,51.6,175,17.5,2024-08-30 10:40:31.746000,11
249,51.7,148,17.6,2024-08-30 10:45:41.167000,11
250,53.3,173,17.5,2024-08-30 10:50:50.632000,11
251,51.8,172,17.7,2024-08-30 10:56:00.479000,11
252,51.5,174,18,2024-08-30 11:01:09.949000,11
253,51.7,152,18,2024-08-30 11:06:19.406000,11
254,49.9,163,18.6,2024-08-30 11:11:30.861000,11
255,48.8,153,19,2024-08-30 11:16:43.137000,11
256,48.8,154,19,2024-08-30 11:21:52.480000,11
257,48.4,174,19,2024-08-30 11:27:01.841000,11
258,48.1,169,18.7,2024-08-30 11:32:19.082000,12
259,48.4,173,18.9,2024-08-30 11:37:28.691000,12
260,48.5,174,19.1,2024-08-30 11:42:37.995000,12
261,46.1,168,19.7,2024-08-30 11:47:53.605000,12
262,44.3,161,19.9,2024-08-30 11:53:02.942000,12
263,44.8,152,19.8,2024-08-30 11:58:12.307000,12
264,46.1,169,19.8,2024-08-30 12:03:21.672000,12
265,44.2,172,19.7,2024-08-30 12:08:38.080000,12
266,45.1,173,19.8,2024-08-30 12:13:49.076000,12
267,45.3,154,19.7,2024-08-30 12:18:58.429000,12
268,45.8,152,19.7,2024-08-30 12:24:07.784000,12
269,46.6,176,19.6,2024-08-30 12:29:17.131000,12
270,45.6,152,19.6,2024-08-30 12:34:28.722000,13
271,45.3,152,19.7,2024-08-30 12:39:37.995000,13
272,47.7,170,20.1,2024-08-30 12:44:47.247000,13
273,44.8,170,20.4,2024-08-30 12:49:56.643000,13
274,43.5,151,20.9,2024-08-30 12:55:05.962000,13
275,44.1,174,21,2024-08-30 13:00:15.210000,13
276,42.6,150,21,2024-08-30 13:05:24.569000,13
277,44.3,173,20.9,2024-08-30 13:10:33.821000,13
278,41.7,174,21,2024-08-30 13:15:43.069000,13
279,43.7,161,21.3,2024-08-30 13:20:52.325000,13
280,41.8,173,21.5,2024-08-30 13:26:01.576000,13
281,41.8,155,22,2024-08-30 13:31:10.739000,14
282,41.5,165,21.7,2024-08-30 13:36:20.710000,14
283,43,153,21.6,2024-08-30 13:41:29.946000,14
284,41.7,149,21.4,2024-08-30 13:46:39.204000,14
285,42.8,150,21.4,2024-08-30 13:51:50.607000,14
286,41.9,151,21.3,2024-08-30 13:57:03.199000,14
287,41.1,158,22.3,2024-08-30 14:02:12.535000,14
288,40.4,160,21.9,2024-08-30 14:07:21.740000,14
289,41,154,22,2024-08-30 14:12:31.195000,14
290,42,157,21.8,2024-08-30 14:17:41.700000,14
291,42.5,164,22,2024-08-30 14:22:51.158000,14
292,42,173,21.9,2024-08-30 14:28:03.471000,14
293,41.4,172,21.7,2024-08-30 14:33:12.708000,15
294,41.5,171,21.5,2024-08-30 14:38:21.962000,15
295,41.2,171,21.6,2024-08-30 14:43:31.360000,15
296,40.1,174,21.8,2024-08-30 14:48:40.982000,15
297,38.5,171,21.7,2024-08-30 14:53:51.060000,15
298,38.8,173,21.7,2024-08-30 14:59:00.772000,15
299,39.9,172,21.7,2024-08-30 15:04:10.068000,15
300,39.2,169,21.6,2024-08-30 15:09:19.432000,15
301,41,151,21.4,2024-08-30 15:14:28.776000,15
302,40.2,172,21.5,2024-08-30 15:19:38.137000,15
303,41.8,173,21.5,2024-08-30 15:24:47.497000,15
304,41,150,21.4,2024-08-30 15:29:56.858000,15
305,40.3,150,21.3,2024-08-30 15:35:10.521000,16
306,41.5,153,21.3,2024-08-30 15:40:21.853000,16
307,41.5,164,21.1,2024-08-30 15:45:31.175000,16
308,41.8,154,21,2024-08-30 15:50:40.616000,16
309,42.3,173,20.9,2024-08-30 15:55:49.967000,16
310,42.9,170,21,2024-08-30 16:00:59.323000,16
311,43.3,152,20.9,2024-08-30 16:06:12.069000,16
312,44.5,148,20.8,2024-08-30 16:11:21.419000,16
313,43.7,173,20.9,2024-08-30 16:16:30.762000,16
314,44.1,178,20.8,2024-08-30 16:21:40.016000,16
315,44.4,165,20.6,2024-08-30 16:26:49.267000,16
316,46.4,174,20.3,2024-08-30 16:31:58.525000,17
317,46.4,151,20.3,2024-08-30 16:37:07.777000,17
318,47.3,154,20.5,2024-08-30 16:42:17.043000,17
319,48.3,173,20.4,2024-08-30 16:47:26.281000,17
320,48.3,172,20.1,2024-08-30 16:52:35.636000,17
321,48.2,173,20,2024-08-30 16:57:44.995000,17
322,47.9,152,20.2,2024-08-30 17:02:54.244000,17
323,48,150,20.1,2024-08-30 17:08:03.498000,17
324,48.1,150,20.1,2024-08-30 17:13:12.755000,17
325,48.3,150,19.9,2024-08-30 17:18:22.109000,17
326,48.8,153,19.7,2024-08-30 17:23:31.467000,17
327,49.4,156,19.5,2024-08-30 17:28:40.923000,17
328,50.7,154,19.4,2024-08-30 17:33:50.166000,18
329,51.2,149,19.2,2024-08-30 17:38:59.520000,18
330,52.1,172,19,2024-08-30 17:44:08.988000,18
331,53.2,156,18.8,2024-08-30 17:49:18.343000,18
332,52.6,175,18.8,2024-08-30 17:54:27.697000,18
333,53.1,151,18.6,2024-08-30 17:59:37.050000,18
334,52.4,154,18.6,2024-08-30 18:04:46.406000,18
335,53.1,150,18.6,2024-08-30 18:09:55.757000,18
336,53.3,152,18.4,2024-08-30 18:15:05.423000,18
337,53.7,151,18.3,2024-08-30 18:20:14.878000,18
338,53.6,149,18.2,2024-08-30 18:25:24.441000,18
339,54.5,172,18,2024-08-30 18:30:33.899000,18
340,55.3,157,17.9,2024-08-30 18:35:43.294000,19
341,53.8,171,17.9,2024-08-30 18:40:52.714000,19
342,54.3,173,17.7,2024-08-30 18:46:02.065000,19
343,53.9,173,17.7,2024-08-30 18:51:11.421000,19
344,54.3,149,17.7,2024-08-30 18:56:20.870000,19
345,53.7,172,17.6,2024-08-30 19:01:30.338000,19
346,54.2,160,17.5,2024-08-30 19:06:39.690000,19
347,52.9,171,17.4,2024-08-30 19:11:49.039000,19
348,54.3,151,17.4,2024-08-30 19:16:58.403000,19
349,54.4,173,17.3,2024-08-30 19:22:07.752000,19
350,53.9,173,17.3,2024-08-30 19:27:17.103000,19
351,54.2,170,17.2,2024-08-30 19:32:26.561000,20
352,54.5,165,17.1,2024-08-30 19:37:36.029000,20
353,52.8,163,17.2,2024-08-30 19:42:45.483000,20
354,52.5,176,17.3,2024-08-30 19:47:54.837000,20
355,55.2,156,17.2,2024-08-30 19:53:04.297000,20
356,54.5,172,17.1,2024-08-30 19:58:13.751000,20
357,48.5,171,13.7,2024-08-31 08:19:55.636000,8
358,53.6,159,11.8,2024-08-31 08:25:05.474000,8
359,53.9,155,11.5,2024-08-31 08:30:15.349000,8
360,53.5,171,11.7,2024-08-31 08:35:25.981000,9
361,53.6,154,11.9,2024-08-31 08:40:35.688000,9
362,54,152,12.2,2024-08-31 08:45:45.562000,9
363,52.3,151,12,2024-08-31 08:50:57.451000,9
364,53.1,155,12.2,2024-08-31 08:56:07.864000,9
365,52.1,173,12.6,2024-08-31 09:01:17.725000,9
366,52.6,153,12.9,2024-08-31 09:06:32.129000,9
367,52.5,174,13,2024-08-31 09:11:41.967000,9
368,51.1,153,13,2024-08-31 09:16:55.451000,9
369,52.1,153,13.2,2024-08-31 09:22:06.326000,9
370,50.8,154,13.2,2024-08-31 09:27:16.163000,9
371,52.1,178,13.2,2024-08-31 09:42:45.768000,10
372,53,153,13.2,2024-08-31 09:47:55.635000,10
373,52.1,154,13.4,2024-08-31 09:53:06.146000,10
374,51.6,167,13.6,2024-08-31 09:58:17.068000,10
375,52.3,167,13.4,2024-08-31 10:03:29.337000,10
376,51.1,156,13.5,2024-08-31 10:08:39.209000,10
377,51,156,13.4,2024-08-31 10:13:49.269000,10
378,51.2,169,13.8,2024-08-31 10:18:59.027000,10
379,50.3,156,14,2024-08-31 10:34:29.251000,11
380,50.8,171,13.9,2024-08-31 10:39:39.014000,11
381,50.5,151,14.1,2024-08-31 10:44:48.783000,11
382,51.3,169,14.4,2024-08-31 10:49:58.548000,11
383,49,170,14.7,2024-08-31 11:00:18.073000,11
384,50.4,177,14.5,2024-08-31 11:05:27.839000,11
385,51.4,170,14.8,2024-08-31 11:10:37.597000,11
386,50.3,167,14.7,2024-08-31 11:26:06.804000,11
387,50.6,152,14.2,2024-08-31 11:36:26.325000,12
388,49.6,152,14.5,2024-08-31 11:41:36.086000,12
389,49.2,158,14.5,2024-08-31 11:46:45.952000,12
390,48.8,173,14.7,2024-08-31 11:51:55.717000,12
391,48.7,166,14.7,2024-08-31 11:57:05.480000,12
392,47.6,156,14.9,2024-08-31 12:02:15.241000,12
393,49.5,170,15,2024-08-31 12:07:24.906000,12
394,49.4,151,14.9,2024-08-31 12:12:34.568000,12
395,46.1,171,15.4,2024-08-31 12:33:13.524000,13
396,45.2,157,15.6,2024-08-31 12:38:23.184000,13
397,46.2,172,15.9,2024-08-31 12:43:32.844000,13
398,47.6,173,15.5,2024-08-31 12:48:42.510000,13
399,48.9,154,15.8,2024-08-31 12:53:52.173000,13
400,47.5,157,15.7,2024-08-31 12:59:01.835000,13
401,47.4,171,15.5,2024-08-31 13:04:11.601000,13
402,46.5,155,15.9,2024-08-31 13:09:21.260000,13
403,45.9,173,15.7,2024-08-31 13:14:30.926000,13
404,45.9,157,16.1,2024-08-31 13:19:40.480000,13
405,46.2,152,16.1,2024-08-31 13:24:50.039000,13
406,46.4,152,16.3,2024-08-31 13:29:59.703000,13
407,46.3,152,16.2,2024-08-31 13:35:09.367000,14
408,45.3,165,16.2,2024-08-31 13:40:18.928000,14
409,45.8,150,16.4,2024-08-31 13:45:28.486000,14
410,45.6,157,16.2,2024-08-31 13:50:38.147000,14
411,46.2,160,16.1,2024-08-31 13:55:47.708000,14
412,46.1,152,16.5,2024-08-31 14:00:57.370000,14
413,46.1,157,16.4,2024-08-31 14:06:07.030000,14
414,47.2,153,16.2,2024-08-31 14:11:16.693000,14
415,45.2,160,16.5,2024-08-31 14:16:26.251000,14
416,46.4,170,16.9,2024-08-31 14:26:45.372000,14
417,45,164,16.6,2024-08-31 14:31:55.342000,15
418,46.2,160,16.3,2024-08-31 14:37:04.898000,15
419,48.5,171,16.6,2024-08-31 14:42:14.358000,15
420,44.5,161,17.2,2024-08-31 14:47:23.922000,15
421,43.5,166,16.9,2024-08-31 14:52:33.483000,15
422,43.6,161,16.9,2024-08-31 14:57:43.042000,15
423,43.9,172,16.8,2024-08-31 15:02:52.595000,15
424,42.6,172,16.7,2024-08-31 15:08:02.165000,15
425,42.1,172,16.6,2024-08-31 15:18:21.679000,15
426,42,172,16.3,2024-08-31 15:28:41.010000,15
427,42.2,172,16.2,2024-08-31 15:33:50.673000,16
428,42.8,174,16.2,2024-08-31 15:39:00.233000,16
429,43.7,172,16.4,2024-08-31 15:44:09.795000,16
430,41.6,178,16.4,2024-08-31 15:49:19.455000,16
431,42.2,170,16.1,2024-08-31 15:54:29.117000,16
432,43.9,157,16.1,2024-08-31 16:04:48.235000,16
433,44.5,160,15.9,2024-08-31 16:09:57.898000,16
434,44.2,155,15.8,2024-08-31 16:15:07.571000,16
435,45.5,171,15.6,2024-08-31 16:20:17.224000,16
436,43.7,163,15.5,2024-08-31 16:30:36.551000,16
437,44.3,173,15.4,2024-08-31 16:35:46.209000,17
438,44.6,174,15.6,2024-08-31 16:40:55.971000,17
439,44.5,162,15.6,2024-08-31 16:46:05.655000,17
440,43.6,157,15.5,2024-08-31 16:51:15.296000,17
441,44.6,168,15.5,2024-08-31 16:56:24.963000,17
442,42.9,169,15.3,2024-08-31 17:01:34.631000,17
443,44.4,169,15.3,2024-08-31 17:06:44.287000,17
444,44.4,171,15.3,2024-08-31 17:11:53.946000,17
445,44.7,168,15.2,2024-08-31 17:17:03.719000,17
446,44.1,155,15.2,2024-08-31 17:22:13.372000,17
447,44.6,171,15.3,2024-08-31 17:27:23.035000,17
448,45,155,14.9,2024-08-31 17:32:34.087000,18
449,47.1,158,14.5,2024-08-31 17:37:45.650000,18
450,48.3,171,14.2,2024-08-31 17:42:55.300000,18
451,49,169,13.9,2024-08-31 17:48:05.068000,18
452,49.3,160,13.8,2024-08-31 17:53:14.793000,18
453,49.7,159,13.6,2024-08-31 17:58:24.631000,18
454,51,171,13.4,2024-08-31 18:03:34.257000,18
455,50.6,154,13.4,2024-08-31 18:08:44.019000,18
456,51.1,159,13.3,2024-08-31 18:13:56.757000,18
457,51.7,155,13.1,2024-08-31 18:19:09.292000,18
458,52.4,155,13,2024-08-31 18:24:19.046000,18
459,52.7,173,12.9,2024-08-31 18:29:28.711000,18
460,53,159,12.8,2024-08-31 18:34:38.476000,19
461,53.5,171,12.6,2024-08-31 18:39:48.136000,19
462,40.8,126,14.4,2024-09-02 08:56:02.156000,9
463,41.2,125,14.8,2024-09-02 09:11:56.946000,9
464,41.6,125,14.8,2024-09-02 09:17:06.598000,9
465,38.8,125,15.2,2024-09-02 09:22:16.357000,9
466,39.6,125,15.4,2024-09-02 09:27:26.535000,9
467,33.2,123,15.5,2024-09-02 09:32:36.195000,10
468,35.1,125,15.7,2024-09-02 09:37:45.860000,10
469,34.5,125,15.7,2024-09-02 09:43:00.405000,10
470,35,125,15.7,2024-09-02 09:48:10.442000,10
471,35.4,125,15.5,2024-09-02 09:53:20.534000,10
472,36,125,15.6,2024-09-02 09:58:31.793000,10
473,36.4,125,15.3,2024-09-02 10:03:41.514000,10
474,40.8,129,15,2024-09-02 10:08:51.205000,10
475,45,124,14.9,2024-09-02 10:14:01.068000,10
476,46.7,126,14.8,2024-09-02 10:19:10.846000,10
477,47.9,125,14.7,2024-09-02 10:24:20.700000,10
478,47.2,126,14.5,2024-09-02 10:29:30.460000,10
479,48.8,125,14.4,2024-09-02 10:34:40.225000,11
480,49.7,125,14.8,2024-09-02 10:39:49.990000,11
481,50.4,125,14.5,2024-09-02 10:44:59.653000,11
482,49.8,124,14.4,2024-09-02 10:50:09.827000,11
483,50.3,126,14.2,2024-09-02 10:55:19.692000,11
484,51.2,125,14.2,2024-09-02 11:00:29.457000,11
485,51.2,127,14.4,2024-09-02 11:05:39.324000,11
486,53.2,126,13.9,2024-09-02 11:10:49.191000,11
487,54.2,125,13.8,2024-09-02 11:15:59.160000,11
488,53.9,125,13.8,2024-09-02 11:21:09.024000,11
489,53.6,124,13.6,2024-09-02 11:26:19.250000,11
490,54.1,125,13.7,2024-09-02 11:31:29.066000,12
491,53.9,125,14,2024-09-02 11:36:39.031000,12
492,55.3,125,13.6,2024-09-02 11:41:49.466000,12
493,55.4,126,14.3,2024-09-02 11:46:59.472000,12
494,54.9,124,14.1,2024-09-02 11:52:09.272000,12
495,56.5,124,14.3,2024-09-02 11:57:19.013000,12
496,56.9,125,13.8,2024-09-02 12:02:29.830000,12
497,57.4,128,14,2024-09-02 12:07:39.588000,12
498,56.5,125,14,2024-09-02 12:12:49.844000,12
499,54.3,127,13.3,2024-09-02 12:17:59.820000,12
500,55.2,126,13,2024-09-02 12:23:09.779000,12
501,55.2,126,12.7,2024-09-02 12:28:19.648000,12
502,53.8,125,12.9,2024-09-02 12:33:29.535000,13
503,53.9,126,12.8,2024-09-02 12:38:39.381000,13
504,54.8,126,12.6,2024-09-02 12:43:49.349000,13
505,55,126,12.1,2024-09-02 12:49:02.590000,13
506,55.8,126,12.4,2024-09-02 12:54:14.174000,13
507,55.7,126,12.7,2024-09-02 12:59:24.014000,13
508,52.4,126,12.9,2024-09-02 13:04:33.941000,13
509,50.7,126,13.4,2024-09-02 13:09:46.806000,13
510,48.7,125,13.1,2024-09-02 13:14:59.710000,13
511,47.4,126,13.4,2024-09-02 13:20:09.885000,13
512,45,125,13,2024-09-02 13:25:20.123000,13
513,44.1,126,13.3,2024-09-02 13:30:30.092000,14
514,43.5,126,13.1,2024-09-02 13:35:40.642000,14
515,41.2,124,13.5,2024-09-02 13:40:50.475000,14
516,42.1,127,13.6,2024-09-02 13:46:00.347000,14
517,39.8,126,13.9,2024-09-02 13:51:10.524000,14
518,40.5,125,13.2,2024-09-02 13:56:20.926000,14
519,41.1,125,14,2024-09-02 14:06:46.462000,14
520,40.8,126,13.8,2024-09-02 14:11:56.332000,14
521,41.3,125,13.3,2024-09-02 14:17:09.217000,14
522,37.8,121,13.4,2024-09-02 14:22:19.650000,14
523,38.2,125,13.5,2024-09-02 14:27:31.410000,14
524,37.9,126,13.6,2024-09-02 14:32:41.337000,15
525,37.1,125,13.5,2024-09-02 14:37:51.198000,15
526,36.4,126,13.3,2024-09-02 14:43:01.068000,15
527,36.8,126,13.3,2024-09-02 14:48:11.447000,15
528,35.8,126,13.4,2024-09-02 14:53:21.621000,15
529,37.1,126,13.1,2024-09-02 14:58:31.488000,15
530,36.6,125,13.2,2024-09-02 15:03:41.364000,15
531,36.6,126,13,2024-09-02 15:08:51.649000,15
532,37,125,12.7,2024-09-02 15:14:01.812000,15
533,36.9,125,13.1,2024-09-02 15:19:12.611000,15
534,36.2,126,13.2,2024-09-02 15:24:22.587000,15
535,35.5,127,12.7,2024-09-02 15:29:33.518000,15
536,36.6,127,12.8,2024-09-02 15:34:43.812000,16
537,37.6,125,12.8,2024-09-02 15:39:53.797000,16
538,38.2,126,12.5,2024-09-02 15:45:03.770000,16
539,37.3,126,12.6,2024-09-02 15:50:13.892000,16
540,38.1,125,12.7,2024-09-02 15:55:24.415000,16
541,37.6,127,12.6,2024-09-02 16:00:34.291000,16
542,38.3,125,12.6,2024-09-02 16:05:44.259000,16
543,38.6,125,12.9,2024-09-02 16:10:54.334000,16
544,38.8,125,12.8,2024-09-02 16:16:04.199000,16
545,38.6,125,12.8,2024-09-02 16:21:14.167000,16
546,37.8,126,12.3,2024-09-02 16:26:24.343000,16
547,37.7,127,11.9,2024-09-02 16:31:35.981000,17
548,36.9,126,12.1,2024-09-02 16:36:46.026000,17
549,36.9,127,12,2024-09-02 16:41:56.100000,17
550,37,126,11.9,2024-09-02 16:47:07.279000,17
551,38,126,11.7,2024-09-02 16:52:17.367000,17
552,38.4,125,11.7,2024-09-02 16:57:27.402000,17
553,39.1,127,11.7,2024-09-02 17:02:38.439000,17
554,40.3,125,11.6,2024-09-02 17:07:48.404000,17
555,40.6,126,11.5,2024-09-02 17:12:58.371000,17
556,40.5,126,11.9,2024-09-02 17:18:08.851000,17
557,40.8,126,11.5,2024-09-02 17:23:19.536000,17
558,40.1,122,11.2,2024-09-02 17:28:29.811000,17
559,41.3,128,10.9,2024-09-02 17:33:40.305000,18
560,41.9,126,10.7,2024-09-02 17:38:50.481000,18
561,42.2,127,10.5,2024-09-02 17:44:06.376000,18
562,42.8,127,10.4,2024-09-02 17:49:16.342000,18
563,43.2,127,10.4,2024-09-02 17:54:26.416000,18
564,43.6,127,10.2,2024-09-02 17:59:36.497000,18
565,44.1,126,10.1,2024-09-02 18:04:46.663000,18
566,44,128,10.1,2024-09-02 18:09:56.742000,18
567,43.8,127,10.1,2024-09-02 18:15:09.303000,18
568,44.2,126,9.9,2024-09-02 18:20:19.337000,18
569,62.3,129,7.4,2024-09-03 08:30:02.328000,8
570,67.5,128,7,2024-09-03 08:40:45.611000,9
571,65.6,128,6.8,2024-09-03 08:42:11.524000,9
572,66.1,130,6.7,2024-09-03 08:43:06.820000,9
573,66.7,128,6.7,2024-09-03 08:44:00.689000,9
574,66.6,127,6.6,2024-09-03 08:49:18.280000,9
575,67.2,127,6.6,2024-09-03 08:54:29.386000,9
576,66,128,6.8,2024-09-03 08:59:39.394000,9
577,66.4,129,7,2024-09-03 09:04:49.465000,9
578,65,132,7.1,2024-09-03 09:09:59.435000,9
579,64.6,129,7.3,2024-09-03 09:15:09.502000,9
580,63.2,127,7.3,2024-09-03 09:20:19.474000,9
581,63.7,128,7.5,2024-09-03 09:25:29.341000,9
582,62.5,128,7.7,2024-09-03 09:30:39.309000,10
583,63.1,128,7.8,2024-09-03 09:35:49.275000,10
584,62.7,128,7.8,2024-09-03 09:41:05.128000,10
585,62.9,129,8.2,2024-09-03 09:51:32.817000,10
586,60.7,124,8.2,2024-09-03 09:56:42.690000,10
587,60.5,130,8.2,2024-09-03 10:01:52.642000,10
588,62,128,8.3,2024-09-03 10:07:02.723000,10
589,62.6,128,8.7,2024-09-03 10:12:12.683000,10
590,60.9,127,8.8,2024-09-03 10:17:22.651000,10
591,60.3,131,8.8,2024-09-03 10:22:32.785000,10
592,60.2,126,8.8,2024-09-03 10:27:42.582000,10
593,58.7,126,9,2024-09-03 10:32:52.552000,11
594,57.8,128,9.1,2024-09-03 10:38:02.525000,11
595,58.1,125,9.3,2024-09-03 10:43:12.388000,11
596,57.2,128,9.4,2024-09-03 10:48:22.358000,11
597,55.9,127,9.5,2024-09-03 10:53:32.227000,11
598,56.7,126,9.8,2024-09-03 10:58:44.837000,11
599,54.9,127,10.1,2024-09-03 11:03:54.620000,11
600,53.4,126,10,2024-09-03 11:09:07.766000,11
601,54.8,126,10,2024-09-03 11:14:20.814000,11
602,54.7,125,10.5,2024-09-03 11:19:30.565000,11
603,54.3,127,10.4,2024-09-03 11:24:45.152000,11
604,52.5,127,10.3,2024-09-03 11:29:55.147000,11
605,53.2,126,10.6,2024-09-03 11:35:05.005000,12
606,52.7,128,10.8,2024-09-03 11:40:18.641000,12
607,51.9,125,10.9,2024-09-03 11:45:36.771000,12
608,46.7,126,11.1,2024-09-03 11:50:46.470000,12
609,48.5,131,11.2,2024-09-03 11:55:56.221000,12
610,46.7,125,11.2,2024-09-03 12:01:11.247000,12
611,45,124,11.3,2024-09-03 12:06:23.602000,12
612,48.3,127,11.7,2024-09-03 12:11:33.336000,12
613,46.9,126,11.9,2024-09-03 12:16:42.982000,12
614,44.5,126,12.2,2024-09-03 12:21:52.880000,12
615,44.4,124,12.5,2024-09-03 12:27:02.597000,12
616,42.5,127,12.7,2024-09-03 12:32:12.686000,13
617,42.4,127,12.6,2024-09-03 12:37:24.623000,13
618,42.7,125,13,2024-09-03 12:42:34.238000,13
619,42.3,123,13.3,2024-09-03 12:47:46.322000,13
620,43,125,13.2,2024-09-03 12:52:55.917000,13
621,41.3,126,13.5,2024-09-03 12:58:05.681000,13
622,43.1,125,13.4,2024-09-03 13:03:15.341000,13
623,42.2,124,13.8,2024-09-03 13:08:25.105000,13
624,41.1,125,13.8,2024-09-03 13:13:35.001000,13
625,42.7,124,13.7,2024-09-03 13:18:44.850000,13
626,42.7,123,14.1,2024-09-03 13:23:54.812000,13
627,43.6,124,14.2,2024-09-03 13:29:04.673000,13
628,40.2,124,14.2,2024-09-03 13:34:15.204000,14
629,40.6,125,14.2,2024-09-03 13:39:27.096000,14
630,39.9,124,14.5,2024-09-03 13:44:41.726000,14
631,41.1,124,14.5,2024-09-03 13:49:53.166000,14
632,41.2,124,14.3,2024-09-03 13:55:02.819000,14
633,40.6,126,14.9,2024-09-03 14:00:15.438000,14
634,39,124,14.9,2024-09-03 14:05:25.103000,14
635,40.5,122,15.1,2024-09-03 14:10:34.667000,14
636,38,122,15,2024-09-03 14:15:44.228000,14
637,38.8,125,15,2024-09-03 14:20:53.793000,14
638,39.6,126,15.4,2024-09-03 14:26:03.357000,14
639,37.6,123,15.3,2024-09-03 14:31:13.007000,15
640,37.8,125,14.8,2024-09-03 14:36:22.667000,15
641,37.3,125,15.2,2024-09-03 14:41:32.227000,15
642,39.3,122,15.3,2024-09-03 14:46:41.785000,15
643,38.5,126,15.5,2024-09-03 14:51:51.351000,15
644,36,124,15.4,2024-09-03 14:57:04.190000,15
645,35.4,125,15.3,2024-09-03 15:02:13.971000,15
646,38.7,124,15.3,2024-09-03 15:07:25.468000,15
647,37.5,125,15.4,2024-09-03 15:12:35.735000,15
648,35.4,125,15.4,2024-09-03 15:17:45.306000,15
649,34,123,16.3,2024-09-03 15:22:54.849000,15
650,37.4,123,16,2024-09-03 15:28:04.299000,15
651,35.1,123,15.4,2024-09-03 15:33:13.758000,16
652,38,123,15.3,2024-09-03 15:38:23.300000,16
653,36.7,124,15.2,2024-09-03 15:43:32.780000,16
654,37.3,124,15.1,2024-09-03 15:48:42.231000,16
655,37.1,123,15,2024-09-03 15:53:51.793000,16
656,38.7,125,15.2,2024-09-03 15:59:01.352000,16
657,35.8,124,15.3,2024-09-03 16:04:10.918000,16
658,35.6,124,15.3,2024-09-03 16:09:20.265000,16
659,37.8,124,15.3,2024-09-03 16:14:29.838000,16
660,37,124,15.1,2024-09-03 16:19:39.386000,16
661,38.5,123,15.2,2024-09-03 16:24:49.268000,16
662,37.8,125,15.4,2024-09-03 16:29:58.913000,16
663,35.6,121,15.4,2024-09-03 16:35:08.583000,17
664,35.7,124,15.4,2024-09-03 16:40:18.237000,17
665,34.9,127,15.4,2024-09-03 16:45:27.900000,17
666,38.1,125,15.3,2024-09-03 16:50:37.461000,17
667,38.3,125,15.2,2024-09-03 16:55:47.119000,17
668,39.8,125,15,2024-09-03 17:00:56.677000,17
669,40.9,125,15.1,2024-09-03 17:06:06.235000,17
670,37.4,125,14.9,2024-09-03 17:11:15.796000,17
671,35.7,126,15.9,2024-09-03 17:16:25.561000,17
672,33,126,17.2,2024-09-03 17:21:35.014000,17
673,34.6,125,16.4,2024-09-03 17:26:44.470000,17
674,37,125,15.2,2024-09-03 17:31:56.345000,18
675,43.7,126,14.5,2024-09-03 17:37:05.953000,18
676,46.4,127,13.9,2024-09-03 17:42:15.607000,18
677,48,126,13.6,2024-09-03 17:47:25.174000,18
678,49.6,125,13.5,2024-09-03 17:52:36.246000,18
679,51.1,125,13.3,2024-09-03 17:57:46.187000,18
680,52.5,126,13.1,2024-09-03 18:02:55.804000,18
681,54.7,124,12.7,2024-09-03 18:08:07.917000,18
682,54.9,124,12.5,2024-09-03 18:13:17.907000,18
683,56.2,126,12.1,2024-09-03 18:18:30.063000,18
684,57.6,126,11.9,2024-09-03 18:23:40.117000,18
685,56.7,125,11.8,2024-09-03 18:28:49.989000,18
686,58.6,128,11.6,2024-09-03 18:34:00.934000,19
687,59.4,125,11.4,2024-09-03 18:39:10.594000,19
688,59.7,127,11.3,2024-09-03 18:44:20.460000,19
689,62,125,11.2,2024-09-03 18:49:30.229000,19
690,61.7,125,11,2024-09-03 18:54:39.989000,19
691,62.5,127,10.9,2024-09-03 18:59:49.753000,19
692,63.5,127,10.7,2024-09-03 19:04:59.518000,19
693,64,126,10.6,2024-09-03 19:10:09.282000,19
694,64.4,124,10.5,2024-09-03 19:15:19.146000,19
695,65.2,126,10.4,2024-09-03 19:20:29.016000,19
696,66.5,124,10.2,2024-09-03 19:25:38.879000,19
697,66.6,129,10.1,2024-09-03 19:30:48.747000,20
698,67.4,125,10,2024-09-03 19:35:58.518000,20
699,68.1,127,9.9,2024-09-03 19:41:08.279000,20
700,68.8,126,9.8,2024-09-03 19:46:18.149000,20
701,68.6,124,9.7,2024-09-03 19:51:28.117000,20
702,69.7,125,9.6,2024-09-03 19:56:38.082000,20
703,62.8,129,6.7,2024-09-04 08:54:58.818000,9
704,63.2,129,6.6,2024-09-04 08:57:08.310000,9
705,67.2,131,5.9,2024-09-04 09:02:18.424000,9
706,70.4,129,5.2,2024-09-04 09:07:31.162000,9
707,71.1,129,5.3,2024-09-04 09:12:41.231000,9
708,72.2,128,5.5,2024-09-04 09:17:51.308000,9
709,70.2,128,5.7,2024-09-04 09:23:01.505000,9
710,70,130,5.9,2024-09-04 09:28:11.650000,9
711,70,128,6.4,2024-09-04 09:33:21.721000,10
712,69.4,127,6.6,2024-09-04 09:38:31.918000,10
713,67.9,127,7,2024-09-04 09:43:42.637000,10
714,66.5,128,7.2,2024-09-04 09:48:53.036000,10
715,66,128,7.6,2024-09-04 09:54:03.706000,10
716,65,127,7.7,2024-09-04 09:59:13.713000,10
717,65.4,129,7.9,2024-09-04 10:04:23.686000,10
718,67.3,129,8.3,2024-09-04 10:09:33.755000,10
719,65.1,127,8.5,2024-09-04 10:14:43.727000,10
720,65.6,126,8.6,2024-09-04 10:19:53.694000,10
721,66.4,129,8.6,2024-09-04 10:25:03.659000,10
722,65.5,128,9.2,2024-09-04 10:30:13.627000,10
723,64.7,126,9.6,2024-09-04 10:35:25.324000,11
724,61.6,127,10.2,2024-09-04 10:40:37.607000,11
725,60.9,127,10.5,2024-09-04 10:45:47.328000,11
726,59.7,128,10.6,2024-09-04 10:50:57.187000,11
727,60.8,125,11,2024-09-04 10:56:07.348000,11
728,59.3,127,11.1,2024-09-04 11:01:17.127000,11
729,58.7,126,11.6,2024-09-04 11:06:26.887000,11
730,58.2,126,11.6,2024-09-04 11:11:37.638000,11
731,58.8,126,12,2024-09-04 11:16:47.339000,11
732,55.7,126,12.8,2024-09-04 11:21:57.106000,11
733,53.8,125,13,2024-09-04 11:27:06.764000,11
734,53.6,125,13.2,2024-09-04 11:32:16.426000,12
735,51.6,124,13.6,2024-09-04 11:37:26.093000,12
736,47.1,124,14.2,2024-09-04 11:42:35.752000,12
737,45.5,125,14.7,2024-09-04 11:47:51.665000,12
738,42.4,123,14.7,2024-09-04 11:53:04.294000,12
739,43.7,125,15.2,2024-09-04 11:58:13.849000,12
740,43.7,124,15.2,2024-09-04 12:03:28.039000,12
741,42.1,125,15.5,2024-09-04 12:08:41.057000,12
742,43.9,125,15.2,2024-09-04 12:13:50.818000,12
743,40.1,126,15.3,2024-09-04 12:19:04.607000,12
744,37.6,124,16.1,2024-09-04 12:24:14.137000,12
745,40.5,123,16.2,2024-09-04 12:29:25.172000,12
746,39.4,126,15.9,2024-09-04 12:34:34.690000,13
747,37.4,123,16.5,2024-09-04 12:39:44.705000,13
748,38.7,123,16.3,2024-09-04 12:44:54.319000,13
749,38.7,123,16.3,2024-09-04 12:50:03.877000,13
750,35.4,124,17.1,2024-09-04 12:55:13.761000,13
751,36,123,17.2,2024-09-04 13:00:24.126000,13
752,35.1,121,17.4,2024-09-04 13:05:34.788000,13
753,35.1,123,17.2,2024-09-04 13:10:44.269000,13
754,34.9,123,17.3,2024-09-04 13:15:53.722000,13
755,32.8,123,17.7,2024-09-04 13:21:03.178000,13
756,33.5,122,17.6,2024-09-04 13:26:12.575000,13
757,28.2,123,17.7,2024-09-04 13:31:21.988000,14
758,26.7,123,18.3,2024-09-04 13:36:32.227000,14
759,28.2,123,18.3,2024-09-04 13:41:41.616000,14
760,27.4,123,18.3,2024-09-04 13:46:51.074000,14
761,26,122,18.7,2024-09-04 13:52:02.848000,14
762,29.4,123,18.6,2024-09-04 13:57:12.627000,14
763,28.4,123,18.5,2024-09-04 14:02:22.385000,14
764,28.8,123,18.8,2024-09-04 14:07:31.770000,14
765,28.8,123,18.7,2024-09-04 14:12:41.224000,14
766,30.1,124,18.9,2024-09-04 14:17:50.682000,14
767,30.1,122,18.8,2024-09-04 14:23:00.138000,14
768,32.1,122,18.8,2024-09-04 14:28:09.581000,14
769,30.2,122,19.1,2024-09-04 14:33:18.945000,15
770,29.3,123,19,2024-09-04 14:38:28.675000,15
771,31.4,124,19.1,2024-09-04 14:43:38.082000,15
772,27.8,123,19.1,2024-09-04 14:48:47.532000,15
773,27,123,19,2024-09-04 14:53:56.912000,15
774,28.6,122,19.1,2024-09-04 14:59:06.243000,15
775,25.8,123,19.1,2024-09-04 15:04:15.597000,15
776,27,122,19,2024-09-04 15:09:29.215000,15
777,24.7,123,18.9,2024-09-04 15:14:39.379000,15
778,24.8,123,19.2,2024-09-04 15:19:48.672000,15
779,23.1,122,19.4,2024-09-04 15:24:58.027000,15
780,23.2,123,18.9,2024-09-04 15:30:07.645000,16
781,24.6,122,19,2024-09-04 15:35:17.253000,16
782,25.2,124,18.7,2024-09-04 15:40:27.140000,16
783,26,124,18.7,2024-09-04 15:45:36.469000,16
784,22.8,122,18.7,2024-09-04 15:50:45.829000,16
785,22.8,122,18.8,2024-09-04 15:55:55.283000,16
786,24.2,124,18.6,2024-09-04 16:01:04.638000,16
787,28.8,122,18.5,2024-09-04 16:06:13.996000,16
788,28.3,124,18.4,2024-09-04 16:11:23.340000,16
789,25.6,122,18.7,2024-09-04 16:16:32.654000,16
790,25,125,18.7,2024-09-04 16:21:41.976000,16
791,24.7,121,18.8,2024-09-04 16:26:51.310000,16
792,24.7,122,19,2024-09-04 16:32:00.687000,17
793,25.2,124,19.2,2024-09-04 16:37:10.026000,17
794,25.6,125,19.2,2024-09-04 16:42:19.372000,17
795,27,125,18.6,2024-09-04 16:47:28.725000,17
796,29.8,125,18.2,2024-09-04 16:52:38.080000,17
797,28.6,124,18,2024-09-04 16:57:47.435000,17
798,30.2,125,17.9,2024-09-04 17:02:56.787000,17
799,29.7,124,17.8,2024-09-04 17:08:06.242000,17
800,28.5,124,17.9,2024-09-04 17:13:15.602000,17
801,29,123,18.4,2024-09-04 17:18:24.852000,17
802,29.1,124,19.1,2024-09-04 17:23:34.209000,17
803,29.3,123,19,2024-09-04 17:28:43.460000,17
804,32.3,123,18.2,2024-09-04 17:33:52.813000,18
805,35.6,124,17.3,2024-09-04 17:39:02.169000,18
806,37,123,16.7,2024-09-04 17:44:12.032000,18
807,38,124,16.1,2024-09-04 17:49:23.696000,18
808,39,124,15.7,2024-09-04 17:54:33.106000,18
809,39.3,126,15.4,2024-09-04 17:59:42.562000,18
810,40.4,124,15.1,2024-09-04 18:04:52.026000,18
811,38.7,125,14.9,2024-09-04 18:10:01.579000,18
812,39.6,124,14.8,2024-09-04 18:15:11.134000,18
813,38,124,14.6,2024-09-04 18:20:20.690000,18
814,38,127,14.5,2024-09-04 18:25:30.250000,18
815,40.2,125,14.4,2024-09-04 18:30:40.894000,18
816,41,126,14.2,2024-09-04 18:35:52.183000,19
817,43,127,14,2024-09-04 18:41:01.698000,19
818,43.5,125,13.8,2024-09-04 18:46:11.252000,19
819,44.9,126,13.6,2024-09-04 18:51:21.951000,19
820,45.9,127,13.5,2024-09-04 18:56:31.602000,19
821,44.8,127,13.3,2024-09-04 19:01:41.162000,19
822,45.4,126,13.2,2024-09-04 19:06:53.178000,19
823,45.4,128,13.1,2024-09-04 19:12:02.842000,19
824,46.5,126,13,2024-09-04 19:17:12.501000,19
825,65.2,128,9.3,2024-09-05 08:39:52.816000,9
826,65.3,127,9.2,2024-09-05 08:45:02.850000,9
827,69.7,127,8.3,2024-09-05 08:50:12.921000,9
828,71.1,128,8.3,2024-09-05 08:55:22.887000,9
829,69.8,128,8.6,2024-09-05 09:00:32.856000,9
830,69.6,127,9,2024-09-05 09:05:42.727000,9
831,69.4,127,9.6,2024-09-05 09:10:52.635000,9
832,67.9,126,10.5,2024-09-05 09:16:02.463000,9
833,65.5,127,10.9,2024-09-05 09:21:12.222000,9
834,63.8,126,11.8,2024-09-05 09:26:21.984000,9
835,62.6,126,12,2024-09-05 09:31:31.907000,10
836,62.2,125,13,2024-09-05 09:36:41.614000,10
837,61.4,124,13.4,2024-09-05 09:41:53.407000,10
838,62.3,126,13.6,2024-09-05 09:47:03.218000,10
839,61.2,125,14.1,2024-09-05 09:52:12.863000,10
840,59.1,124,14.4,2024-09-05 09:57:22.511000,10
841,57.9,125,14.7,2024-09-05 10:02:32.077000,10
842,56.4,125,14.8,2024-09-05 10:07:41.953000,10
843,56.9,124,15,2024-09-05 10:12:51.600000,10
844,54.8,126,15.1,2024-09-05 10:18:01.161000,10
845,55,126,15.3,2024-09-05 10:23:11.615000,10
846,54.8,125,15.3,2024-09-05 10:28:21.098000,10
847,55.1,125,15.6,2024-09-05 10:33:30.662000,11
848,54.1,125,15.7,2024-09-05 10:38:40.222000,11
849,52.6,125,15.9,2024-09-05 10:43:56.858000,11
850,52.4,124,16.1,2024-09-05 10:49:06.401000,11
851,51.1,124,16.3,2024-09-05 10:54:15.958000,11
852,50.5,123,16.5,2024-09-05 10:59:25.517000,11
853,50.8,123,16.5,2024-09-05 11:04:35.471000,11
854,49.8,123,16.7,2024-09-05 11:09:44.878000,11
855,49.7,123,17,2024-09-05 11:14:54.413000,11
856,48.2,124,17.4,2024-09-05 11:25:22.218000,11
857,48.6,124,17.6,2024-09-05 11:30:31.782000,12
858,48.5,124,17.6,2024-09-05 11:35:41.342000,12
859,47.8,124,17.8,2024-09-05 11:40:50.802000,12
860,48.2,123,17.8,2024-09-05 11:46:00.263000,12
861,47.4,124,18.2,2024-09-05 11:51:09.708000,12
862,46.8,123,18.4,2024-09-05 11:56:19.675000,12
863,46,122,18.5,2024-09-05 12:01:29.257000,12
864,47.3,124,18.7,2024-09-05 12:06:39.211000,12
865,46.1,125,18.7,2024-09-05 12:11:59.858000,12
866,45.3,123,18.7,2024-09-05 12:17:10.163000,12
867,45.7,123,18.8,2024-09-05 12:22:19.661000,12
868,48.3,123,18.8,2024-09-05 12:27:29.119000,12
869,45,122,19.2,2024-09-05 12:32:38.474000,13
870,44.9,122,19.3,2024-09-05 12:37:48.538000,13
871,46.8,122,19.3,2024-09-05 12:42:57.899000,13
872,46.3,122,19.5,2024-09-05 12:48:07.251000,13
873,45.4,123,19.7,2024-09-05 12:53:16.911000,13
874,44.4,123,19.9,2024-09-05 12:58:29.395000,13
875,40.8,121,21.2,2024-09-05 15:02:40.171000,15
876,41.7,121,21.2,2024-09-05 15:12:58.884000,15
877,41.9,121,21.1,2024-09-05 15:18:08.131000,15
878,39.4,123,21.6,2024-09-05 15:23:17.510000,15
879,39.2,124,21,2024-09-05 15:28:26.844000,15
880,41.7,123,20.8,2024-09-05 15:33:36.198000,16
881,42.3,123,20.8,2024-09-05 15:38:45.453000,16
882,40.4,122,20.9,2024-09-05 15:43:54.698000,16
883,40.9,122,20.8,2024-09-05 15:49:03.957000,16
884,77.3,100,10.1,2024-09-06 08:37:16.108000,9
885,77.8,100,10.1,2024-09-06 08:42:25.952000,9
886,77.2,99,10.2,2024-09-06 08:47:35.717000,9
887,77.8,100,10.5,2024-09-06 08:52:45.888000,9
888,76.2,101,11.1,2024-09-06 08:57:55.574000,9
889,75.4,100,12,2024-09-06 09:03:05.313000,9
890,72.5,101,12.9,2024-09-06 09:08:14.977000,9
891,71.1,101,13.3,2024-09-06 09:13:24.534000,9
892,68.5,102,13.9,2024-09-06 09:18:34.198000,9
893,67,102,14.2,2024-09-06 09:23:43.860000,9
894,66.6,102,14.6,2024-09-06 09:28:55.281000,9
895,66.5,99,15.1,2024-09-06 09:34:04.823000,10
896,64.2,100,15.6,2024-09-06 09:39:16.740000,10
897,58.5,99,16.1,2024-09-06 09:44:26.879000,10
898,54.2,100,16.9,2024-09-06 09:49:36.918000,10
899,54.1,99,17.2,2024-09-06 09:54:46.337000,10
900,53.4,99,17.7,2024-09-06 09:59:55.793000,10
901,52.2,100,17.6,2024-09-06 10:05:05.680000,10
902,50.8,101,17.7,2024-09-06 10:10:19.960000,10
903,52.3,102,17.8,2024-09-06 10:15:29.396000,10
904,50.2,102,18.2,2024-09-06 10:25:58.068000,10
905,50.3,102,18.5,2024-09-06 10:31:27.563000,11
906,48.7,99,18.6,2024-09-06 10:36:38.320000,11
907,49.2,100,18.9,2024-09-06 10:41:47.703000,11
908,47.5,101,19.1,2024-09-06 10:46:57.158000,11
909,46.7,102,19.4,2024-09-06 10:52:06.613000,11
910,44.6,101,19.6,2024-09-06 10:57:15.963000,11
911,46.3,97,19.7,2024-09-06 11:02:25.286000,11
912,44.3,99,20.2,2024-09-06 11:07:34.579000,11
913,44.8,100,20,2024-09-06 11:12:43.933000,11
914,46.1,99,20,2024-09-06 11:17:53.282000,11
915,46,101,20.1,2024-09-06 11:23:02.642000,11
916,44.6,100,20.4,2024-09-06 11:28:11.994000,11
917,43.8,100,20.3,2024-09-06 11:33:21.963000,12
918,42.9,101,20.4,2024-09-06 11:38:31.422000,12
919,44.6,99,20.5,2024-09-06 11:43:40.776000,12
920,44.2,99,20.5,2024-09-06 11:48:56.922000,12
921,42.6,100,20.7,2024-09-06 11:54:08.803000,12
922,42.9,100,20.7,2024-09-06 11:59:18.155000,12
923,43.2,101,20.7,2024-09-06 12:04:28.099000,12
924,43.9,100,21.2,2024-09-06 12:09:37.946000,12
925,42.5,99,21.5,2024-09-06 12:14:47.809000,12
926,41.4,100,21.5,2024-09-06 12:19:57.008000,12
927,39.2,99,21.7,2024-09-06 12:25:06.365000,12
928,36.9,101,21.8,2024-09-06 12:30:15.721000,12
929,37.2,99,21.6,2024-09-06 12:35:25.075000,13
930,36.4,99,21.7,2024-09-06 12:40:34.431000,13
931,37.7,100,21.7,2024-09-06 12:45:43.677000,13
932,37.8,100,22.2,2024-09-06 12:50:52.937000,13
933,37.9,99,22,2024-09-06 12:56:02.182000,13
934,38.3,101,22.4,2024-09-06 13:01:11.445000,13
935,38.4,100,22.1,2024-09-06 13:06:20.693000,13
936,37.3,99,22.4,2024-09-06 13:11:30.153000,13
937,36.5,100,22.8,2024-09-06 13:16:39.407000,13
938,39.8,101,22.8,2024-09-06 13:21:48.551000,13
939,38.1,99,22.8,2024-09-06 13:26:57.706000,13
940,36.6,100,22.9,2024-09-06 13:32:06.959000,14
941,37.1,99,23.1,2024-09-06 13:37:16.112000,14
942,36.5,100,23.1,2024-09-06 13:42:25.256000,14
943,37,100,23,2024-09-06 13:47:34.607000,14
944,37.5,100,22.8,2024-09-06 13:52:43.966000,14
945,37.5,100,22.9,2024-09-06 13:57:53.113000,14
946,38.9,100,23,2024-09-06 14:03:03.076000,14
947,38.1,100,22.9,2024-09-06 14:08:12.336000,14
948,37.8,99,23.1,2024-09-06 14:13:21.689000,14
949,38.2,100,22.8,2024-09-06 14:18:30.844000,14
950,38.3,99,23.1,2024-09-06 14:23:40.096000,14
951,37,100,23.1,2024-09-06 14:28:49.242000,14
952,37.3,100,23.2,2024-09-06 14:34:01.789000,15
953,36.1,99,23.2,2024-09-06 14:39:20.502000,15
954,36.2,99,23.1,2024-09-06 14:44:29.592000,15
955,36.6,99,22.9,2024-09-06 14:49:39.218000,15
956,35.8,101,23.1,2024-09-06 14:54:48.510000,15
957,37.1,100,23,2024-09-06 14:59:57.656000,15
958,36.1,100,22.9,2024-09-06 15:05:06.813000,15
959,36,100,23.3,2024-09-06 15:10:16.065000,15
960,36,100,23.8,2024-09-06 15:15:25.424000,15
961,37,100,22.9,2024-09-06 15:20:35.175000,15
962,36.3,100,22.7,2024-09-06 15:25:44.806000,15
963,37.4,101,22.6,2024-09-06 15:30:57.733000,16
964,37.2,99,22.5,2024-09-06 15:36:06.932000,16
965,38,99,22.4,2024-09-06 15:41:18.991000,16
966,37.1,100,22.5,2024-09-06 15:46:28.205000,16
967,37.4,100,22.3,2024-09-06 15:51:37.457000,16
968,37.5,101,22.5,2024-09-06 15:56:46.818000,16
969,38.3,99,22.4,2024-09-06 16:01:56.076000,16
970,38.3,100,22.5,2024-09-06 16:07:09.376000,16
971,37.7,99,22.3,2024-09-06 16:12:19.505000,16
972,38.6,98,22.1,2024-09-06 16:17:37.299000,16
973,38.9,100,22,2024-09-06 16:22:47.891000,16
974,41.1,99,21.9,2024-09-06 16:27:57.073000,16
975,39.5,101,21.9,2024-09-06 16:33:06.331000,17
976,39.4,99,21.8,2024-09-06 16:38:15.577000,17
977,40,97,21.8,2024-09-06 16:43:24.935000,17
978,41.9,100,21.6,2024-09-06 16:48:34.497000,17
979,42.1,100,21.4,2024-09-06 16:53:43.856000,17
980,41.4,100,21.2,2024-09-06 16:58:53.211000,17
981,42.2,101,21,2024-09-06 17:04:02.564000,17
982,43.6,100,21,2024-09-06 17:09:11.921000,17
983,44.1,100,22.1,2024-09-06 17:14:21.171000,17
984,40.6,100,22.5,2024-09-06 17:19:30.527000,17
985,45.2,99,21.2,2024-09-06 17:24:39.877000,17
986,46.9,100,20.3,2024-09-06 17:29:49.234000,17
987,48.8,99,19.7,2024-09-06 17:34:58.589000,18
988,48.9,100,19.4,2024-09-06 17:40:07.943000,18
989,49.9,100,19.2,2024-09-06 17:45:17.305000,18
990,50.5,102,19,2024-09-06 17:50:26.654000,18
991,51,100,18.9,2024-09-06 17:55:36.214000,18
992,51.2,99,18.7,2024-09-06 18:00:45.881000,18
993,52.1,100,18.6,2024-09-06 18:05:55.126000,18
994,52.2,101,18.5,2024-09-06 18:11:04.489000,18
995,52.6,100,18.5,2024-09-06 18:16:13.835000,18
996,52.4,100,18.5,2024-09-06 18:21:23.193000,18
997,51.5,99,18.4,2024-09-06 18:26:32.672000,18
998,51.6,99,18.3,2024-09-06 18:31:42.107000,19
999,51.8,100,18.2,2024-09-06 18:36:51.573000,19
1000,53.7,100,17.9,2024-09-06 18:42:01.024000,19
1001,53.6,99,17.8,2024-09-06 18:47:10.501000,19
1002,54.8,98,17.8,2024-09-06 18:52:20.049000,19
1003,55.6,101,17.7,2024-09-06 18:57:29.495000,19
1004,55.9,101,17.5,2024-09-06 19:02:38.855000,19
1005,56.3,100,17.4,2024-09-06 19:07:48.311000,19
1006,55.9,100,17.4,2024-09-06 19:12:57.699000,19
1007,55.2,100,17.4,2024-09-06 19:18:07.119000,19
1008,57.1,101,17.3,2024-09-06 19:23:16.480000,19
1009,56.5,101,17.3,2024-09-06 19:28:25.930000,19
1010,56.3,99,17.3,2024-09-06 19:33:35.392000,20
1011,57.3,99,17.1,2024-09-06 19:38:44.848000,20
1012,57.3,101,17,2024-09-06 19:43:54.311000,20
1013,57.9,100,16.9,2024-09-06 19:49:03.762000,20
1014,58.5,100,16.9,2024-09-06 19:54:13.225000,20
1015,58.7,101,16.8,2024-09-06 19:59:22.782000,20
1016,58.9,100,16.7,2024-09-06 20:04:32.152000,20
1017,59.5,100,16.6,2024-09-06 20:09:41.594000,20
1018,60.8,99,16.5,2024-09-06 20:14:51.361000,20
1019,61.6,100,16.2,2024-09-06 20:20:00.811000,20
1020,62.6,100,16,2024-09-06 20:25:10.277000,20
1021,63.8,95,15.6,2024-09-06 20:30:19.834000,20
1022,63.9,100,15.4,2024-09-06 20:35:29.289000,21
1023,63.9,99,15.3,2024-09-06 20:40:38.749000,21
1024,62.1,100,15.5,2024-09-06 20:45:48.206000,21
1025,61.8,99,15.6,2024-09-06 20:50:57.672000,21
1026,61.6,101,15.7,2024-09-06 20:56:07.226000,21
1027,61.3,100,15.9,2024-09-06 21:01:17.950000,21
1028,61.3,101,16,2024-09-06 21:06:27.369000,21
1029,61.6,100,16.1,2024-09-06 21:11:36.739000,21
1030,61.5,99,16,2024-09-06 21:16:46.383000,21
1031,61.8,100,16.1,2024-09-06 21:21:55.739000,21
1032,62.4,100,16,2024-09-06 21:27:05.196000,21
1033,63.3,99,15.9,2024-09-06 21:32:14.655000,22
1034,62.6,99,15.9,2024-09-06 21:37:24.214000,22
1035,62.8,99,15.9,2024-09-06 21:42:33.671000,22
1036,62.6,100,15.9,2024-09-06 21:47:43.130000,22
1037,62.6,102,15.9,2024-09-06 21:52:52.594000,22
1038,62.2,100,15.9,2024-09-06 21:58:02.148000,22
1039,62.9,99,15.8,2024-09-06 22:03:11.808000,22
1040,62.8,100,15.8,2024-09-06 22:08:21.774000,22
1041,63.6,100,15.7,2024-09-06 22:13:31.242000,22
1042,64.2,100,15.6,2024-09-06 22:18:40.692000,22
1043,63.9,102,15.4,2024-09-06 22:23:50.151000,22
1044,65,100,15.3,2024-09-06 22:28:59.688000,22
1045,65.1,100,15.3,2024-09-06 22:34:09.064000,23
1046,64.2,101,15.3,2024-09-06 22:39:18.520000,23
1047,66.2,100,15.2,2024-09-06 22:44:27.982000,23
1048,66.4,100,15.1,2024-09-06 22:49:37.538000,23
1049,66.2,100,14.9,2024-09-06 22:54:47.098000,23
1050,66.8,100,14.8,2024-09-06 22:59:56.552000,23
1051,66.4,101,14.6,2024-09-06 23:05:06.014000,23
1052,68.3,100,14,2024-09-06 23:10:15.579000,23
1053,68.9,101,13.8,2024-09-06 23:15:25.135000,23
1054,70.6,99,13.7,2024-09-06 23:20:34.692000,23
1055,69,100,13.9,2024-09-06 23:25:44.357000,23
1056,68.5,101,14,2024-09-06 23:30:54.022000,24
1057,68.4,99,14.1,2024-09-06 23:36:03.576000,24
1058,68.6,101,14.2,2024-09-06 23:41:13.138000,24
1059,68.4,100,14.3,2024-09-06 23:46:22.701000,24
1060,67.8,101,14.4,2024-09-06 23:51:32.364000,24
1061,68.4,100,14.5,2024-09-06 23:56:41.924000,24
1062,68.8,100,14.6,2024-09-07 00:01:51.481000,0
1063,69.6,100,14.5,2024-09-07 00:07:01.040000,0
1064,70.3,101,14.4,2024-09-07 00:12:10.597000,0
1065,69.8,100,14.7,2024-09-07 00:17:20.156000,0
1066,69.3,100,14.7,2024-09-07 00:22:29.721000,0
1067,69.7,101,14.7,2024-09-07 00:27:39.281000,0
1068,69,100,14.7,2024-09-07 00:32:48.840000,1
1069,68.9,101,14.7,2024-09-07 00:37:58.399000,1
1070,68.8,100,14.8,2024-09-07 00:43:07.958000,1
1071,68.3,101,14.8,2024-09-07 00:48:17.522000,1
1072,68.6,96,14.8,2024-09-07 00:53:27.080000,1
1073,68.9,99,14.7,2024-09-07 00:58:36.638000,1
1074,69.1,100,14.6,2024-09-07 01:03:46.197000,1
1075,69.2,101,14.5,2024-09-07 01:08:55.758000,1
1076,69.6,100,14.3,2024-09-07 01:14:05.317000,1
1077,70.7,99,14.2,2024-09-07 01:19:14.874000,1
1078,71.8,100,14.1,2024-09-07 01:24:24.437000,1
1079,72,101,13.9,2024-09-07 01:29:33.996000,1
1080,72.3,100,13.8,2024-09-07 01:34:43.558000,2
1081,72.8,99,13.7,2024-09-07 01:39:53.114000,2
1082,73.5,100,13.6,2024-09-07 01:45:02.674000,2
1083,73.4,100,13.6,2024-09-07 01:50:12.240000,2
1084,72.9,102,13.7,2024-09-07 01:55:21.801000,2
1085,72.3,100,13.8,2024-09-07 02:00:31.356000,2
1086,70,101,14.2,2024-09-07 02:05:41.019000,2
1087,67.9,98,14.5,2024-09-07 02:10:50.679000,2
1088,66,100,14.9,2024-09-07 02:16:00.248000,2
1089,65.5,100,15,2024-09-07 02:21:09.813000,2
1090,64.9,100,15.2,2024-09-07 02:26:19.371000,2
1091,64.3,99,15.3,2024-09-07 02:31:29.289000,3
1092,63.9,99,15.4,2024-09-07 02:36:38.892000,3
1093,62.6,97,15.6,2024-09-07 02:41:48.552000,3
1094,62.8,101,15.6,2024-09-07 02:46:58.216000,3
1095,62.4,100,15.8,2024-09-07 02:52:07.777000,3
1096,62.5,99,15.8,2024-09-07 02:57:17.336000,3
1097,61.9,100,15.9,2024-09-07 03:02:26.995000,3
1098,61.9,99,15.8,2024-09-07 03:07:36.562000,3
1099,61.7,100,15.8,2024-09-07 03:12:46.114000,3
1100,61.5,100,15.8,2024-09-07 03:17:55.673000,3
1101,61.3,100,15.8,2024-09-07 03:23:05.237000,3
1102,61.6,99,15.8,2024-09-07 03:28:14.798000,3
1103,61.3,98,15.7,2024-09-07 03:33:24.352000,4
1104,62.1,99,15.7,2024-09-07 03:38:33.914000,4
1105,61.3,100,15.7,2024-09-07 03:48:55.590000,4
1106,60.9,101,15.7,2024-09-07 03:54:05.048000,4
1107,60.6,100,15.8,2024-09-07 03:59:14.506000,4
1108,62.1,101,15.6,2024-09-07 04:04:24.073000,4
1109,62.4,99,15.4,2024-09-07 04:09:33.420000,4
1110,64.1,100,15.2,2024-09-07 04:14:42.996000,4
1111,64.7,100,14.8,2024-09-07 04:19:52.849000,4
1112,66.4,102,14.7,2024-09-07 04:25:02.411000,4
1113,67.5,100,14.5,2024-09-07 04:30:11.966000,4
1114,68.6,98,14.2,2024-09-07 04:35:21.526000,5
1115,69.3,101,14,2024-09-07 04:40:31.086000,5
1116,69.5,100,14,2024-09-07 04:45:40.905000,5
1117,69.1,100,13.9,2024-09-07 04:50:50.417000,5
1118,69.4,102,13.9,2024-09-07 04:55:59.974000,5
1119,68.3,99,14,2024-09-07 05:01:09.532000,5
1120,67.3,100,14.2,2024-09-07 05:06:19.094000,5
1121,66.9,101,14.2,2024-09-07 05:11:28.659000,5
1122,67.2,101,14.2,2024-09-07 05:16:38.214000,5
1123,66.3,100,14.3,2024-09-07 05:21:47.776000,5
1124,66.8,102,14.2,2024-09-07 05:26:57.333000,5
1125,67.6,98,14.1,2024-09-07 05:32:06.891000,6
1126,68.9,100,13.9,2024-09-07 05:37:16.455000,6
1127,68.7,101,13.9,2024-09-07 05:42:26.104000,6
1128,68,101,13.9,2024-09-07 05:47:35.771000,6
1129,68.1,99,13.9,2024-09-07 05:52:45.339000,6
1130,67.9,100,13.9,2024-09-07 05:57:54.894000,6
1131,65.7,101,14.1,2024-09-07 06:03:04.555000,6
1132,66.1,101,14.3,2024-09-07 06:08:14.116000,6
1133,66,100,14.1,2024-09-07 06:13:23.673000,6
1134,65.2,101,14.2,2024-09-07 06:18:33.233000,6
1135,65.7,101,14.2,2024-09-07 06:23:42.699000,6
1136,65.6,99,14.2,2024-09-07 06:28:52.266000,6
1137,64.6,100,14.3,2024-09-07 06:34:01.811000,7
1138,65.4,99,14.3,2024-09-07 06:39:11.377000,7
1139,64.8,100,14.4,2024-09-07 06:44:20.935000,7
1140,65.2,100,14.5,2024-09-07 06:49:30.495000,7
1141,64.8,99,14.5,2024-09-07 06:54:40.051000,7
1142,65.5,100,14.5,2024-09-07 06:59:49.612000,7
1143,64.7,100,14.6,2024-09-07 07:04:59.173000,7
1144,64.9,100,14.7,2024-09-07 07:10:08.728000,7
1145,65.7,101,14.7,2024-09-07 07:15:18.291000,7
1146,65,100,14.8,2024-09-07 07:20:27.951000,7
1147,65.5,96,14.7,2024-09-07 07:25:37.513000,7
1148,64.7,101,14.9,2024-09-07 07:30:47.073000,8
1149,63.3,100,15.3,2024-09-07 07:35:56.535000,8
1150,62.7,100,15.6,2024-09-07 07:41:05.884000,8
1151,60.4,100,16.1,2024-09-07 07:46:15.445000,8
1152,60,100,16.4,2024-09-07 07:51:24.902000,8
1153,58.8,100,16.6,2024-09-07 07:56:34.460000,8
1154,57.3,100,16.9,2024-09-07 08:01:43.921000,8
1155,57.6,101,17.1,2024-09-07 08:06:53.380000,8
1156,56.8,99,17.2,2024-09-07 08:12:02.836000,8
1157,56.7,100,17.4,2024-09-07 08:17:12.195000,8
1158,56.2,100,17.5,2024-09-07 08:22:21.648000,8
1159,56.5,100,17.9,2024-09-07 08:27:31.104000,8
1160,54,100,18.3,2024-09-07 08:32:40.460000,9
1161,54.3,100,18.8,2024-09-07 08:37:49.918000,9
1162,52.6,95,19.2,2024-09-07 08:42:59.276000,9
1163,53.2,100,19.3,2024-09-07 08:48:08.732000,9
1164,51.6,97,19.4,2024-09-07 08:53:18.084000,9
1165,50.7,99,19.6,2024-09-07 08:58:27.456000,9
1166,52,100,19.4,2024-09-07 09:03:36.802000,9
1167,50.5,100,19.1,2024-09-07 09:14:03.903000,9
1168,51.3,100,19.2,2024-09-07 09:19:13.359000,9
1169,51.6,100,19.1,2024-09-07 09:24:22.813000,9
1170,50.5,99,19.1,2024-09-07 09:29:32.272000,9
1171,50.4,100,19,2024-09-07 09:34:42.039000,10
1172,51.2,102,18.9,2024-09-07 09:39:51.393000,10
1173,50.9,99,19,2024-09-07 09:45:00.747000,10
1174,50.9,99,19.6,2024-09-07 09:50:10.204000,10
1175,49.8,99,19.8,2024-09-07 09:55:19.768000,10
1176,50.1,101,19.7,2024-09-07 10:00:29.121000,10
1177,50.1,99,19.8,2024-09-07 10:10:56.333000,10
1178,47.5,99,20.3,2024-09-07 10:16:05.788000,10
1179,47.8,99,20.4,2024-09-07 10:21:15.141000,10
1180,46.5,99,20.4,2024-09-07 10:26:24.495000,10
1181,48.7,99,20.2,2024-09-07 10:36:51.606000,11
1182,47.6,100,20.3,2024-09-07 10:42:00.977000,11
1183,47.5,99,20.2,2024-09-07 10:47:10.315000,11
1184,49,101,20.3,2024-09-07 10:52:19.771000,11
1185,47.9,100,20.5,2024-09-07 10:57:29.130000,11
1186,48.2,100,20.8,2024-09-07 11:02:38.377000,11
1187,46.4,100,21.2,2024-09-07 11:07:47.734000,11
1188,47.4,100,21.1,2024-09-07 11:12:56.983000,11
1189,46.3,98,21.1,2024-09-07 11:28:41.740000,11
1190,46,100,20.9,2024-09-07 11:33:50.994000,12
1191,45.3,100,21,2024-09-07 11:39:00.366000,12
1192,44.9,101,21.1,2024-09-07 11:49:27.258000,12
1193,38.4,96,15,2024-09-08 13:06:21.059000,13
1194,38.3,104,15,2024-09-08 13:06:59.784000,13
1195,38.6,101,15,2024-09-08 13:12:09.482000,13
1196,37.9,103,15.2,2024-09-08 13:17:19.256000,13
1197,38.7,100,15.6,2024-09-08 13:22:29.318000,13
1198,34.8,99,15.9,2024-09-08 13:27:42.319000,13
1199,34,100,16.3,2024-09-08 13:32:51.929000,14
1200,33,99,16.3,2024-09-08 13:38:01.593000,14
1201,36.1,101,16.1,2024-09-08 13:43:11.966000,14
1202,36.1,102,16.1,2024-09-08 13:48:22.190000,14
1203,36.9,101,15.7,2024-09-08 13:53:31.800000,14
1204,36.6,101,15.8,2024-09-08 13:58:41.458000,14
1205,36.8,100,16,2024-09-08 14:04:00.288000,14
1206,37.4,101,16.6,2024-09-08 14:09:10.654000,14
1207,37.8,97,16.7,2024-09-08 14:14:20.182000,14
1208,34.8,99,16.6,2024-09-08 14:19:29.846000,14
1209,35.9,98,16.2,2024-09-08 14:24:39.605000,14
1210,37,100,16.3,2024-09-08 14:29:49.264000,14
1211,37.9,101,16.1,2024-09-08 14:34:58.928000,15
1212,38.9,102,16.3,2024-09-08 14:40:15.795000,15
1213,37.7,100,16.2,2024-09-08 14:45:25.834000,15
1214,37.1,100,16.4,2024-09-08 14:50:35.599000,15
1215,38.7,100,16.1,2024-09-08 14:55:45.257000,15
1216,37.4,99,16.3,2024-09-08 15:00:54.921000,15
1217,37.5,101,16.2,2024-09-08 15:06:04.575000,15
1218,38,100,16.6,2024-09-08 15:11:14.239000,15
1219,37.2,102,16.3,2024-09-08 15:16:26.873000,15
1220,36,99,16.4,2024-09-08 15:21:36.533000,15
1221,36.4,100,16.1,2024-09-08 15:26:46.708000,15
1222,34.8,100,16.2,2024-09-08 15:32:02.119000,16
1223,36.9,100,16,2024-09-08 15:37:15.020000,16
1224,38.6,101,15.9,2024-09-08 15:42:24.723000,16
1225,38.7,100,16,2024-09-08 15:52:49.895000,16
1226,38.8,100,15.8,2024-09-08 15:58:00.006000,16
1227,40,102,15.6,2024-09-08 16:03:09.604000,16
1228,39.5,100,15.9,2024-09-08 16:08:19.372000,16
1229,38.8,101,15.7,2024-09-08 16:13:29.162000,16
1230,40.4,100,15.4,2024-09-08 16:18:38.905000,16
1231,40.8,100,15.4,2024-09-08 16:23:48.665000,16
1232,41.4,100,15.3,2024-09-08 16:28:58.435000,16
1233,42.6,100,15.3,2024-09-08 16:34:08.194000,17
1234,42.4,102,15.3,2024-09-08 16:39:18.099000,17
1235,43.6,100,15,2024-09-08 16:44:28.065000,17
1236,44.3,101,14.8,2024-09-08 16:49:37.796000,17
1237,44.7,102,14.7,2024-09-08 16:54:47.561000,17
1238,44.4,100,14.7,2024-09-08 16:59:57.224000,17
1239,44.3,100,14.9,2024-09-08 17:05:07.320000,17
1240,45.6,100,14.8,2024-09-08 17:10:17.296000,17
1241,44.8,102,14.8,2024-09-08 17:15:26.927000,17
1242,44.4,100,14.8,2024-09-08 17:20:36.793000,17
1243,46.1,100,14.2,2024-09-08 17:25:49.919000,17
1244,46.6,102,14.1,2024-09-08 17:31:00.376000,18
1245,46.9,97,13.9,2024-09-08 17:36:10.091000,18
1246,48,102,13.8,2024-09-08 17:41:19.846000,18
1247,48.3,101,13.6,2024-09-08 17:46:38.519000,18
1248,49,101,13.5,2024-09-08 17:51:48.178000,18
1249,50.2,99,13.4,2024-09-08 17:57:00.969000,18
1250,50.7,101,13.2,2024-09-08 18:02:12.885000,18
1251,52,98,13.1,2024-09-08 18:07:22.749000,18
1252,52,99,12.9,2024-09-08 18:12:32.873000,18
1253,52.9,101,12.8,2024-09-08 18:17:43.150000,18
1254,52.8,97,12.7,2024-09-08 18:22:53.321000,18
1255,53.5,102,12.6,2024-09-08 18:28:06.781000,18
1256,53.7,101,12.6,2024-09-08 18:33:16.855000,19
1257,55.8,101,12.4,2024-09-08 18:38:27.400000,19
1258,56.3,101,12.2,2024-09-08 18:43:37.361000,19
1259,57.3,100,12,2024-09-08 18:48:47.367000,19
1260,57.7,101,11.9,2024-09-08 18:53:57.437000,19
1261,57.8,101,11.8,2024-09-08 18:59:07.928000,19
1262,57.2,101,11.8,2024-09-08 19:04:20.765000,19
1263,57.2,99,11.8,2024-09-08 19:10:00.443000,19
1264,57.4,104,11.8,2024-09-09 08:05:37.932000,8
1265,60.7,102,10.8,2024-09-09 08:10:47.865000,8
1266,70.9,103,8.9,2024-09-09 08:15:58.002000,8
1267,74.8,104,8.4,2024-09-09 08:21:07.806000,8
1268,75.1,103,8.8,2024-09-09 08:26:18.396000,8
1269,72.2,109,9.1,2024-09-09 08:31:28.253000,9
1270,72.5,104,9.4,2024-09-09 08:36:38.390000,9
1271,72.8,104,9.6,2024-09-09 08:41:56.209000,9
1272,73.5,105,9.7,2024-09-09 08:47:06.048000,9
1273,70.5,104,10,2024-09-09 08:52:15.911000,9
1274,69.4,101,10.2,2024-09-09 08:57:25.778000,9
1275,70.8,103,10.4,2024-09-09 09:02:35.743000,9
1276,69.8,106,10.4,2024-09-09 09:07:45.517000,9
1277,68.7,103,10.4,2024-09-09 09:12:56.318000,9
1278,68.3,104,10.6,2024-09-09 09:18:06.066000,9
1279,66.3,103,10.7,2024-09-09 09:23:15.937000,9
1280,62.6,103,11.2,2024-09-09 09:28:25.694000,9
1281,61.4,102,11.6,2024-09-09 09:33:35.669000,10
1282,59.9,104,11.8,2024-09-09 09:38:45.537000,10
1283,60,99,12,2024-09-09 09:43:55.500000,10
1284,58.3,103,12.1,2024-09-09 09:49:05.977000,10
1285,57.2,104,12.6,2024-09-09 09:54:15.746000,10
1286,57.2,104,12.6,2024-09-09 09:59:25.511000,10
1287,57.8,103,12.9,2024-09-09 10:04:39.935000,10
1288,57.2,103,13,2024-09-09 10:09:49.543000,10
1289,58.4,103,13.1,2024-09-09 10:14:59.309000,10
1290,56.9,102,13.3,2024-09-09 10:20:08.967000,10
1291,56.9,103,13.5,2024-09-09 10:25:22.019000,10
1292,56.5,102,13.9,2024-09-09 10:30:31.677000,10
1293,57.5,103,13.7,2024-09-09 10:35:41.700000,11
1294,57.5,103,14.1,2024-09-09 10:40:54.600000,11
1295,58.2,102,14.4,2024-09-09 10:46:04.346000,11
1296,53,103,14.7,2024-09-09 10:51:14.397000,11
1297,52.9,103,14.8,2024-09-09 10:56:28.630000,11
1298,52.6,103,14.9,2024-09-09 11:01:40.336000,11
1299,50.7,102,15.6,2024-09-09 11:11:59.823000,11
1300,50.6,103,15.7,2024-09-09 11:37:49.054000,12
1301,50,103,15.9,2024-09-09 11:42:58.717000,12
1302,51.1,102,15.5,2024-09-09 12:13:57.611000,12
1303,50.7,102,16.3,2024-09-09 12:19:07.278000,12
1304,47.5,102,16.4,2024-09-09 12:24:18.744000,12
1305,47.2,102,16.7,2024-09-09 12:29:38.351000,12
1306,47.4,101,16,2024-09-09 12:34:50.182000,13
1307,49,101,16.2,2024-09-09 12:39:59.840000,13
1308,46.5,100,16.5,2024-09-09 12:45:09.611000,13
1309,46.4,101,16.9,2024-09-09 12:50:19.170000,13
1310,46,101,16.5,2024-09-09 12:55:28.820000,13
1311,46.9,102,16.9,2024-09-09 13:00:38.699000,13
1312,46.9,103,16.9,2024-09-09 13:05:48.253000,13
1313,46.2,101,17,2024-09-09 13:10:57.922000,13
1314,47.4,102,16.4,2024-09-09 13:16:07.745000,13
1315,46.4,102,16.6,2024-09-09 13:21:17.448000,13
1316,47.3,101,16.7,2024-09-09 13:26:27.222000,13
1317,45.7,102,16.6,2024-09-09 13:31:36.874000,14
1318,46,102,17,2024-09-09 13:36:46.433000,14
1319,47.2,102,16.9,2024-09-09 13:52:15.418000,14
1320,46.4,101,16.5,2024-09-09 13:57:25.081000,14
1321,47.3,103,16.8,2024-09-09 14:02:34.748000,14
1322,45.9,103,16.5,2024-09-09 14:12:54.373000,14
1323,46,100,17.2,2024-09-09 14:18:04.248000,14
1324,44.8,102,17.2,2024-09-09 14:23:25.255000,14
1325,44.8,102,17.1,2024-09-09 14:28:36.795000,14
1326,45.8,101,17.4,2024-09-09 14:33:46.342000,15
1327,46.5,101,17,2024-09-09 14:38:56.123000,15
1328,46.9,101,16.8,2024-09-09 14:49:18.601000,15
1329,60.5,151,10.1,2024-09-10 08:32:51.868000,9
1330,63.3,107,9.3,2024-09-10 08:33:01.698000,9
1331,64.8,107,8.9,2024-09-10 08:38:11.915000,9
1332,80.7,105,5.6,2024-09-10 08:43:22.187000,9
1333,85.3,102,5.2,2024-09-10 08:48:32.357000,9
1334,86.4,102,5.1,2024-09-10 08:53:42.534000,9
1335,87,125,5.2,2024-09-10 08:58:52.711000,9
1336,86.8,103,5.3,2024-09-10 09:04:02.882000,9
1337,86.7,103,5.9,2024-09-10 09:09:12.957000,9
1338,85,104,6.3,2024-09-10 09:14:26.948000,9
1339,83,109,6.9,2024-09-10 09:19:37.628000,9
1340,83.2,102,7.3,2024-09-10 09:24:47.916000,9
1341,82.4,103,7.7,2024-09-10 09:29:58.287000,9
1342,81.3,104,8,2024-09-10 09:35:08.329000,10
1343,79.8,102,8.4,2024-09-10 09:40:18.398000,10
1344,78.4,104,8.9,2024-09-10 09:45:28.469000,10
1345,76.1,104,9.2,2024-09-10 09:50:38.442000,10
1346,75.8,104,9.7,2024-09-10 09:55:48.418000,10
1347,75.3,107,10.1,2024-09-10 10:00:58.274000,10
1348,75.7,102,10.3,2024-09-10 10:06:08.246000,10
1349,74.1,108,10.5,2024-09-10 10:11:19.281000,10
1350,74.8,103,10.6,2024-09-10 10:16:32.940000,10
1351,71.6,104,11.1,2024-09-10 10:21:42.779000,10
1352,70.8,102,11.4,2024-09-10 10:26:52.627000,10
1353,70.8,104,11.5,2024-09-10 10:32:02.497000,11
1354,69.9,102,11.6,2024-09-10 10:37:12.269000,11
1355,66,104,11.9,2024-09-10 10:42:22.019000,11
1356,65.9,103,12.7,2024-09-10 10:47:31.783000,11
1357,63.1,104,12.8,2024-09-10 10:52:41.904000,11
1358,62.4,104,13.2,2024-09-10 10:57:51.620000,11
1359,62.6,105,13.3,2024-09-10 11:03:01.280000,11
1360,61.8,103,13.6,2024-09-10 11:08:10.935000,11
1361,59,103,13.8,2024-09-10 11:13:20.606000,11
1362,58,105,14.1,2024-09-10 11:18:30.267000,11
1363,58.9,104,14,2024-09-10 11:23:41.466000,11
1364,58.2,103,14.3,2024-09-10 11:28:51.530000,11
1365,55.4,103,14.6,2024-09-10 11:34:01.297000,12
1366,55.6,103,14.9,2024-09-10 11:39:10.857000,12
1367,52.6,103,15.3,2024-09-10 11:44:23.596000,12
1368,54.4,103,15.4,2024-09-10 11:49:33.152000,12
1369,53.1,105,15.4,2024-09-10 11:54:42.952000,12
1370,52.7,105,15.7,2024-09-10 11:59:52.478000,12
1371,51.4,107,16.4,2024-09-10 12:05:02.138000,12
1372,51.5,105,16.3,2024-09-10 12:10:12.813000,12
1373,51.1,105,16.4,2024-09-10 12:15:22.382000,12
1374,51.3,105,16.4,2024-09-10 12:20:31.941000,12
1375,49.8,106,16.7,2024-09-10 12:30:57.357000,12
1376,49.7,106,16.9,2024-09-10 12:36:06.765000,13
1377,48.2,105,16.9,2024-09-10 12:41:16.324000,13
1378,49.9,106,17,2024-09-10 12:46:25.778000,13
1379,50,107,17.5,2024-09-10 12:51:35.238000,13
1380,48,105,17.4,2024-09-10 12:56:44.701000,13
1381,50.5,104,17.5,2024-09-10 13:01:54.152000,13
1382,49.1,106,17.8,2024-09-10 13:07:03.608000,13
1383,46.6,105,17.9,2024-09-10 13:12:13.065000,13
1384,46.5,104,17.7,2024-09-10 13:17:22.631000,13
1385,45.7,104,17.8,2024-09-10 13:22:32.081000,13
1386,45.3,106,18.3,2024-09-10 13:27:41.438000,13
1387,45.3,104,19.7,2024-09-10 13:32:50.791000,14
1388,46.4,105,19.5,2024-09-10 13:38:00.258000,14
1389,47.9,104,19.5,2024-09-10 13:43:09.497000,14
1390,43.6,104,19.4,2024-09-10 13:48:18.851000,14
1391,43.1,103,19.3,2024-09-10 13:53:28.207000,14
1392,44,104,19.4,2024-09-10 13:58:37.567000,14
1393,43.3,104,19.4,2024-09-10 14:03:47.024000,14
1394,44.1,104,19.3,2024-09-10 14:09:00.800000,14
1395,41.2,104,19.1,2024-09-10 14:14:10.235000,14
1396,41.4,102,19.1,2024-09-10 14:19:19.791000,14
1397,42.5,104,19.4,2024-09-10 14:24:29.250000,14
1398,39.3,102,19.5,2024-09-10 14:29:38.710000,14
1399,40.6,103,19.6,2024-09-10 14:34:47.961000,15
1400,36.1,103,19.7,2024-09-10 14:39:57.315000,15
1401,35.5,103,19.8,2024-09-10 14:45:06.785000,15
1402,35.8,101,19.8,2024-09-10 14:50:16.130000,15
1403,36.9,103,19.9,2024-09-10 14:55:25.478000,15
1404,33.5,103,20.7,2024-09-10 15:00:34.840000,15
1405,35.5,103,19.7,2024-09-10 15:05:44.195000,15
1406,34.2,103,19.7,2024-09-10 15:11:02.690000,15
1407,32.7,102,19.7,2024-09-10 15:16:12.325000,15
1408,32.6,103,19.5,2024-09-10 15:21:21.779000,15
1409,32.3,103,19.5,2024-09-10 15:26:31.368000,15
1410,31.9,102,19.8,2024-09-10 15:31:40.936000,16
1411,30.3,103,19.7,2024-09-10 15:36:50.575000,16
1412,32.2,103,19.7,2024-09-10 15:41:59.916000,16
1413,32.2,103,19.7,2024-09-10 15:47:09.371000,16
1414,31.8,103,19.8,2024-09-10 15:52:18.832000,16
1415,33.6,103,19.7,2024-09-10 15:57:28.188000,16
1416,33.1,102,19.9,2024-09-10 16:02:37.539000,16
1417,32.7,102,20.2,2024-09-10 16:07:46.901000,16
1418,33.2,102,20.1,2024-09-10 16:12:56.252000,16
1419,33.9,103,19.6,2024-09-10 16:18:05.711000,16
1420,35,103,19.7,2024-09-10 16:23:15.077000,16
1421,34.6,103,19.8,2024-09-10 16:28:24.429000,16
1422,35.3,103,19.8,2024-09-10 16:33:33.979000,17
1423,35.5,102,19.8,2024-09-10 16:38:43.340000,17
1424,35.8,104,19.8,2024-09-10 16:43:52.579000,17
1425,36.6,101,19.6,2024-09-10 16:49:02.045000,17
1426,39.9,102,19.5,2024-09-10 16:54:11.328000,17
1427,40.9,103,19.6,2024-09-10 16:59:20.544000,17
1428,42.4,103,19.2,2024-09-10 17:04:29.799000,17
1429,42,102,19.3,2024-09-10 17:09:40.793000,17
1430,43,103,19.5,2024-09-10 17:14:50.041000,17
1431,42.6,103,20,2024-09-10 17:19:59.805000,17
1432,45.9,102,18.9,2024-09-10 17:25:09.168000,17
1433,48,102,18.4,2024-09-10 17:30:18.515000,18
1434,49.3,102,17.9,2024-09-10 17:35:28.075000,18
1435,49.1,103,17.6,2024-09-10 17:40:37.639000,18
1436,49.7,102,17.1,2024-09-10 17:45:47.095000,18
1437,50.1,103,16.9,2024-09-10 17:50:56.550000,18
1438,51.7,105,16.4,2024-09-10 18:01:21.321000,18
1439,52.5,102,16.1,2024-09-10 18:06:30.757000,18
1440,52.9,103,16,2024-09-10 18:11:52.138000,18
1441,53.9,102,15.8,2024-09-10 18:17:01.902000,18
1442,54.6,100,15.6,2024-09-10 18:22:11.323000,18
1443,55.5,103,15.4,2024-09-10 18:27:20.981000,18
1444,56.3,103,15.3,2024-09-10 18:32:30.854000,19
1445,56.3,103,15.1,2024-09-10 18:37:40.622000,19
1446,56.7,103,15,2024-09-10 18:42:50.272000,19
1447,56.1,101,14.9,2024-09-10 18:47:59.931000,19
1448,56.4,102,14.8,2024-09-10 18:53:09.492000,19
1449,57.3,103,14.7,2024-09-10 18:58:20.202000,19
1450,57.1,102,14.6,2024-09-10 19:03:29.981000,19
1451,57.4,102,14.6,2024-09-10 19:08:40.007000,19
1452,58.3,102,14.4,2024-09-10 19:13:49.677000,19
1453,59.4,103,14.2,2024-09-10 19:19:01.634000,19
1454,59.9,102,14.1,2024-09-10 19:24:13.116000,19
1455,60.5,102,13.9,2024-09-10 19:29:27.668000,19
1456,61,103,13.7,2024-09-10 19:34:37.793000,20
1457,62.2,102,13.4,2024-09-10 19:39:47.435000,20
1458,63.7,104,13,2024-09-10 19:44:57.081000,20
1459,75.2,105,10.1,2024-09-11 08:57:34.549000,9
1460,76.5,205,9.9,2024-09-11 09:02:44.514000,9
1461,81.6,210,9.4,2024-09-11 09:07:54.401000,9
1462,82.4,218,9.4,2024-09-11 09:13:04.147000,9
1463,83.6,222,9.6,2024-09-11 09:18:18.441000,9
1464,82.8,222,9.9,2024-09-11 09:23:28.207000,9
1465,82.6,221,10.4,2024-09-11 09:28:41.139000,9
1466,80.9,224,10.6,2024-09-11 09:33:50.879000,10
1467,81.2,218,11.1,2024-09-11 09:39:00.750000,10
1468,80,227,11.3,2024-09-11 09:44:14.531000,10
1469,77.1,222,11.8,2024-09-11 09:49:26.136000,10
1470,77.1,223,12.1,2024-09-11 09:54:40.435000,10
1471,74.8,223,13,2024-09-11 10:05:08.527000,10
1472,73.5,219,13.3,2024-09-11 10:10:18.278000,10
1473,72.5,222,13.2,2024-09-11 10:15:28.250000,10
1474,72.2,218,13.4,2024-09-11 10:20:37.904000,10
1475,71.1,225,13.9,2024-09-11 10:25:47.568000,10
1476,72.6,221,13.9,2024-09-11 10:30:57.125000,10
1477,69.2,223,14.8,2024-09-11 10:41:19.012000,11
1478,70.2,223,14.9,2024-09-11 10:46:28.569000,11
1479,70.3,223,14.9,2024-09-11 10:51:38.329000,11
1480,68.2,222,15.2,2024-09-11 10:56:47.993000,11
1481,68.2,231,15.5,2024-09-11 11:01:57.554000,11
1482,67,222,15.8,2024-09-11 11:07:12.155000,11
1483,65.8,235,16.3,2024-09-11 11:12:21.589000,11
1484,63.1,223,16.6,2024-09-11 11:17:31.157000,11
1485,62.6,228,17,2024-09-11 11:22:42.485000,11
1486,61.7,225,16.9,2024-09-11 11:27:52.010000,11
1487,61.4,224,17,2024-09-11 11:33:01.583000,12
1488,60.2,218,17.5,2024-09-11 11:38:14.727000,12
1489,58.3,217,18,2024-09-11 11:43:24.270000,12
1490,56.2,223,17.9,2024-09-11 11:48:34.068000,12
1491,54.3,223,18.5,2024-09-11 11:53:43.388000,12
1492,53.6,226,18.3,2024-09-11 11:58:52.950000,12
1493,53.3,221,18,2024-09-11 12:04:02.307000,12
1494,53.9,222,18.5,2024-09-11 12:09:15.001000,12
1495,52,225,18.8,2024-09-11 12:14:24.186000,12
1496,50.1,222,19.2,2024-09-11 12:19:33.543000,12
1497,51.4,223,19,2024-09-11 12:24:43.244000,12
1498,42.9,213,19.6,2024-09-11 12:29:57.786000,12
1499,40.8,223,19.9,2024-09-11 12:35:07.241000,13
1500,39.1,222,20.2,2024-09-11 12:40:19.663000,13
1501,38.8,223,20.3,2024-09-11 12:45:35.389000,13
1502,39.4,224,20.2,2024-09-11 12:50:44.950000,13
1503,37.6,224,20.4,2024-09-11 12:55:58.130000,13
1504,36.7,220,20.6,2024-09-11 13:01:07.322000,13
1505,38.6,223,20.9,2024-09-11 13:06:16.682000,13
1506,37.4,222,20.7,2024-09-11 13:11:26.813000,13
1507,39.1,224,20.6,2024-09-11 13:16:36.114000,13
1508,35,218,20.8,2024-09-11 13:21:45.473000,13
1509,35.4,224,21.5,2024-09-11 13:27:03.032000,13
1510,35.8,222,21,2024-09-11 13:32:12.461000,14
1511,38.9,225,20.7,2024-09-11 13:37:21.923000,14
1512,40.5,219,20.3,2024-09-11 13:42:31.275000,14
1513,37.7,220,20.5,2024-09-11 13:47:40.836000,14
1514,39.3,223,20.7,2024-09-11 13:52:50.191000,14
1515,39.4,222,20.8,2024-09-11 13:57:59.545000,14
1516,40.2,220,20.7,2024-09-11 14:03:09.103000,14
1517,39.8,224,20.9,2024-09-11 14:08:18.360000,14
1518,38.9,223,20.9,2024-09-11 14:13:29.106000,14
1519,37.9,222,21.2,2024-09-11 14:18:38.397000,14
1520,39.2,223,21.1,2024-09-11 14:23:47.752000,14
1521,38.2,222,21,2024-09-11 14:28:59.610000,14
1522,37.6,222,21.3,2024-09-11 14:34:10.268000,15
1523,39.1,230,21.4,2024-09-11 14:39:19.710000,15
1524,37.8,222,21.3,2024-09-11 14:44:29.168000,15
1525,36.6,222,21.2,2024-09-11 14:49:40.698000,15
1526,36.4,215,21.1,2024-09-11 14:54:50.444000,15
1527,34.6,221,21.1,2024-09-11 14:59:59.903000,15
1528,33.9,224,21.1,2024-09-11 15:05:12.088000,15
1529,34.2,224,21.4,2024-09-11 15:10:21.371000,15
1530,36.4,221,20.9,2024-09-11 15:15:32.719000,15
1531,38.3,224,20.6,2024-09-11 15:20:42.022000,15
1532,39,207,20.3,2024-09-11 15:25:51.484000,15
1533,40.5,215,20.2,2024-09-11 15:31:01.064000,16
1534,39.4,223,19.9,2024-09-11 15:36:11.596000,16
1535,39.9,229,20.1,2024-09-11 15:41:22.415000,16
1536,38.7,232,20.4,2024-09-11 15:46:32.574000,16
1537,40.5,223,20.5,2024-09-11 15:51:51.193000,16
1538,37.3,217,20.7,2024-09-11 15:57:05.752000,16
1539,39,222,20.8,2024-09-11 16:02:15.577000,16
1540,38.5,223,20.7,2024-09-11 16:07:25.163000,16
1541,40.3,223,20.6,2024-09-11 16:12:34.799000,16
1542,40.7,222,20.3,2024-09-11 16:17:44.482000,16
1543,41.7,222,20,2024-09-11 16:22:54.099000,16
1544,42.2,218,19.9,2024-09-11 16:28:05.241000,16
1545,42.8,222,19.7,2024-09-11 16:33:14.604000,17
1546,42.7,224,19.6,2024-09-11 16:38:23.961000,17
1547,44,223,19.5,2024-09-11 16:43:33.579000,17
1548,44.2,223,19.5,2024-09-11 16:48:45.092000,17
1549,44.6,223,19.8,2024-09-11 16:53:54.283000,17
1550,44.5,222,20,2024-09-11 16:59:03.633000,17
1551,44.8,223,19.8,2024-09-11 17:04:16.902000,17
1552,44.9,204,19.6,2024-09-11 17:09:26.235000,17
1553,46.2,225,19.4,2024-09-11 17:14:35.489000,17
1554,47.6,225,19.1,2024-09-11 17:19:45.064000,17
1555,49,223,18.9,2024-09-11 17:24:54.303000,17
1556,49.7,223,18.7,2024-09-11 17:30:03.661000,18
1557,49.5,222,18.5,2024-09-11 17:35:13.254000,18
1558,46.4,222,18.2,2024-09-11 17:40:33.595000,18
1559,45,223,18.2,2024-09-11 17:45:43.411000,18
1560,46,223,17.8,2024-09-11 17:50:56.686000,18
1561,45.9,224,17.7,2024-09-11 17:56:06.589000,18
1562,46.6,224,17.5,2024-09-11 18:01:16.185000,18
1563,47.8,220,17.3,2024-09-11 18:06:25.734000,18
1564,49.5,223,17.2,2024-09-11 18:11:35.986000,18
1565,51.5,219,17,2024-09-11 18:16:47.212000,18
1566,51.1,221,16.7,2024-09-11 18:21:56.764000,18
1567,51.8,221,16.6,2024-09-11 18:27:06.249000,18
1568,53.7,222,16.4,2024-09-11 18:32:24.517000,19
1569,53.6,222,16.3,2024-09-11 18:37:34.053000,19
1570,54.5,223,16.2,2024-09-11 18:42:43.914000,19
1571,55.1,237,16.1,2024-09-11 18:47:56.577000,19
1572,55.7,222,16,2024-09-11 18:53:07.707000,19
1573,56.9,222,16,2024-09-11 18:58:17.437000,19
1574,56.8,221,16,2024-09-11 19:03:29.840000,19
1575,58.2,225,15.9,2024-09-11 19:08:42.321000,19
1576,58.2,222,15.8,2024-09-11 19:13:51.714000,19
1577,58.3,222,15.7,2024-09-11 19:19:04.175000,19
1578,57.8,222,15.5,2024-09-11 19:24:18.943000,19
1579,58.7,221,15.4,2024-09-11 19:29:30.306000,19
1580,60.1,216,15.3,2024-09-11 19:34:39.799000,20
1581,59.7,224,14.9,2024-09-11 19:39:49.669000,20
1582,60.5,222,14.9,2024-09-11 19:44:59.327000,20
1583,60.2,221,14.7,2024-09-11 19:50:08.978000,20
1584,59.2,224,14.6,2024-09-11 19:55:18.641000,20
1585,59,217,14.8,2024-09-11 20:00:28.347000,20
1586,59.5,222,14.9,2024-09-11 20:05:38.073000,20
1587,60.8,219,14.8,2024-09-11 20:10:47.632000,20
1588,62.4,220,14.8,2024-09-11 20:15:57.291000,20
1589,62.9,223,14.7,2024-09-11 20:21:06.950000,20
1590,63,222,14.5,2024-09-11 20:26:16.622000,20
1591,64.8,223,14.5,2024-09-11 20:31:26.175000,21
1592,64.5,225,14.5,2024-09-11 20:36:35.858000,21
1593,64.7,225,14.3,2024-09-11 20:41:45.395000,21
1594,65.2,215,14.2,2024-09-11 20:46:57.871000,21
1595,65.3,224,14.2,2024-09-11 20:52:07.387000,21
1596,65,222,14.2,2024-09-11 20:57:17.156000,21
1597,64.9,222,14.2,2024-09-11 21:02:29.719000,21
1598,66.2,223,14,2024-09-11 21:07:39.346000,21
1599,67.8,228,14,2024-09-11 21:12:49.106000,21
1600,67.5,221,13.9,2024-09-11 21:18:00.501000,21
1601,68.8,225,13.7,2024-09-11 21:23:10.170000,21
1602,69.3,223,13.4,2024-09-11 21:28:19.834000,21
1603,70.7,225,13.4,2024-09-11 21:33:29.497000,22
1604,69.9,223,13.5,2024-09-11 21:38:42.339000,22
1605,69.1,221,13.6,2024-09-11 21:43:54.360000,22
1606,69.9,223,13.5,2024-09-11 21:49:04.022000,22
1607,70.4,223,13.6,2024-09-11 21:54:13.576000,22
1608,69.3,221,13.5,2024-09-11 21:59:23.332000,22
1609,70.2,221,13.1,2024-09-11 22:04:33,22
1610,70.5,222,13.1,2024-09-11 22:09:42.560000,22
1611,71.6,223,13,2024-09-11 22:14:52.128000,22
1612,72.4,222,12.9,2024-09-11 22:20:01.890000,22
1613,72.8,225,13,2024-09-11 22:25:11.546000,22
1614,72.9,227,12.9,2024-09-11 22:30:21.322000,22
1615,72.9,223,12.9,2024-09-11 22:35:30.980000,23
1616,72.6,223,12.8,2024-09-11 22:40:40.641000,23
1617,73.2,220,12.5,2024-09-11 22:45:50.298000,23
1618,74.8,222,12.1,2024-09-11 22:50:59.958000,23
1619,75.5,224,11.8,2024-09-11 22:56:09.627000,23
1620,76.4,222,11.8,2024-09-11 23:01:19.393000,23
1621,76.6,222,11.9,2024-09-11 23:06:29.045000,23
1622,76.1,223,11.9,2024-09-11 23:11:38.721000,23
1623,75.5,221,12,2024-09-11 23:16:48.486000,23
1624,76.4,225,12.2,2024-09-11 23:21:58.358000,23
1625,76,218,12.3,2024-09-11 23:27:08.010000,23
1626,75.4,213,12.2,2024-09-11 23:32:17.671000,24
1627,75.7,222,12.4,2024-09-11 23:37:27.539000,24
1628,75.5,229,12.3,2024-09-11 23:42:37.305000,24
1629,75.2,224,12,2024-09-11 23:47:47.074000,24
1630,77,224,11.5,2024-09-11 23:52:56.830000,24
1631,77,224,11.5,2024-09-11 23:58:06.594000,24
1632,76.8,224,11.5,2024-09-12 00:03:16.355000,0
1633,77.2,223,11.3,2024-09-12 00:08:26.124000,0
1634,77.5,222,11.2,2024-09-12 00:13:35.782000,0
1635,77.8,219,11.2,2024-09-12 00:18:45.754000,0
1636,77.8,223,11.1,2024-09-12 00:23:55.627000,0
1637,78.5,223,11.1,2024-09-12 00:29:05.387000,0
1638,78.4,223,11,2024-09-12 00:34:15.051000,1
1639,78.9,222,11,2024-09-12 00:39:24.814000,1
1640,79,222,11,2024-09-12 00:44:34.681000,1
1641,79,224,11,2024-09-12 00:49:44.449000,1
1642,78.7,223,10.8,2024-09-12 00:54:54.313000,1
1643,79.3,228,10.8,2024-09-12 01:00:04.178000,1
1644,79.7,226,10.8,2024-09-12 01:05:14.053000,1
1645,79.6,225,10.7,2024-09-12 01:10:23.914000,1
1646,80.8,223,10.4,2024-09-12 01:15:33.784000,1
1647,80.9,224,10.4,2024-09-12 01:20:43.750000,1
1648,81,223,10.2,2024-09-12 01:25:53.719000,1
1649,82,224,10,2024-09-12 01:31:03.694000,2
1650,81.7,224,10,2024-09-12 01:36:13.562000,2
1651,81.7,223,10.1,2024-09-12 01:41:23.542000,2
1652,81.5,228,10.1,2024-09-12 01:46:33.287000,2
1653,81.7,224,10.2,2024-09-12 01:51:43.058000,2
1654,81.4,222,10.3,2024-09-12 01:56:52.823000,2
1655,81.6,220,10.4,2024-09-12 02:02:02.588000,2
1656,81,214,10.5,2024-09-12 02:07:12.354000,2
1657,80.4,226,10.6,2024-09-12 02:12:22.112000,2
1658,80.2,216,10.6,2024-09-12 02:17:31.882000,2
1659,80.9,223,10.4,2024-09-12 02:22:41.751000,2
1660,81.5,215,10.1,2024-09-12 02:27:51.610000,2
1661,81.4,227,10.1,2024-09-12 02:33:01.477000,3
1662,81.5,221,10.2,2024-09-12 02:38:11.247000,3
1663,81.8,224,10.1,2024-09-12 02:43:21.011000,3
1664,81.9,223,10.1,2024-09-12 02:48:30.878000,3
1665,82.4,223,10.1,2024-09-12 02:53:40.648000,3
1666,82.6,224,10.1,2024-09-12 02:58:50.416000,3
1667,82.7,222,10.2,2024-09-12 03:04:00.167000,3
1668,82.3,222,10.2,2024-09-12 03:09:09.931000,3
1669,82.6,225,10.2,2024-09-12 03:14:19.700000,3
1670,82.6,222,10.4,2024-09-12 03:19:29.461000,3
1671,82.1,224,10.4,2024-09-12 03:24:39.228000,3
1672,81.7,218,10.5,2024-09-12 03:29:48.988000,3
1673,82.1,224,10.3,2024-09-12 03:34:58.757000,4
1674,82.4,223,10.3,2024-09-12 03:40:09.624000,4
1675,82.3,221,10.4,2024-09-12 03:45:19.406000,4
1676,82.4,222,10.2,2024-09-12 03:50:29.276000,4
1677,82.4,229,10.2,2024-09-12 03:55:39.577000,4
1678,82.6,226,10.1,2024-09-12 04:00:49.423000,4
1679,82.3,223,10.1,2024-09-12 04:05:59.395000,4
1680,83.5,221,9.8,2024-09-12 04:11:09.257000,4
1681,83.4,215,9.8,2024-09-12 04:16:19.128000,4
1682,83.3,213,9.8,2024-09-12 04:21:28.891000,4
1683,83.7,226,9.7,2024-09-12 04:26:38.652000,4
1684,84,224,9.6,2024-09-12 04:31:48.519000,5
1685,84.3,226,9.6,2024-09-12 04:36:58.386000,5
1686,84.4,224,9.5,2024-09-12 04:42:08.372000,5
1687,85.3,219,9.5,2024-09-12 04:47:18.227000,5
1688,84.5,223,9.5,2024-09-12 04:52:28.091000,5
1689,85,223,9.5,2024-09-12 04:57:38.088000,5
1690,84.6,224,9.5,2024-09-12 05:02:48.033000,5
1691,84.7,223,9.5,2024-09-12 05:07:58.006000,5
1692,85.2,220,9.5,2024-09-12 05:13:07.982000,5
1693,85.1,223,9.5,2024-09-12 05:18:17.836000,5
1694,84.8,222,9.4,2024-09-12 05:23:27.804000,5
1695,85.1,223,9.4,2024-09-12 05:28:37.772000,5
1696,85.4,222,9.2,2024-09-12 05:33:47.748000,6
1697,85.8,228,9.2,2024-09-12 05:38:57.613000,6
1698,85.7,224,9.1,2024-09-12 05:44:07.477000,6
1699,85.6,223,9.1,2024-09-12 05:49:17.447000,6
1700,85.7,223,9,2024-09-12 05:54:27.415000,6
1701,85.8,229,8.9,2024-09-12 05:59:37.283000,6
1702,85.9,223,8.9,2024-09-12 06:04:47.557000,6
1703,86,224,8.7,2024-09-12 06:09:57.632000,6
1704,86.1,224,8.7,2024-09-12 06:15:07.718000,6
1705,86.3,224,8.7,2024-09-12 06:20:17.572000,6
1706,87,225,8.6,2024-09-12 06:25:27.538000,6
1707,87.3,225,8.5,2024-09-12 06:30:37.406000,6
1708,87.2,222,8.4,2024-09-12 06:35:47.376000,7
1709,87.4,221,8.4,2024-09-12 06:40:57.346000,7
1710,87.8,223,8.3,2024-09-12 06:46:07.316000,7
1711,88,221,8.2,2024-09-12 06:51:18.050000,7
1712,88.1,223,8.4,2024-09-12 06:56:27.970000,7
1713,88.5,228,8.5,2024-09-12 07:01:37.838000,7
1714,88.2,214,8.6,2024-09-12 07:06:47.700000,7
1715,87.7,224,8.7,2024-09-12 07:11:57.569000,7
1716,87.7,226,8.8,2024-09-12 07:17:07.515000,7
1717,87.1,223,8.9,2024-09-12 07:22:17.302000,7
1718,87,216,9,2024-09-12 07:27:27.608000,7
1719,86.9,223,9.1,2024-09-12 07:32:37.447000,8
1720,86.6,223,9.2,2024-09-12 07:37:47.214000,8
1721,86.5,222,9.3,2024-09-12 07:42:56.996000,8
1722,85.7,220,9.5,2024-09-12 07:48:06.741000,8
1723,84.5,223,9.7,2024-09-12 07:53:16.604000,8
1724,83.6,225,9.9,2024-09-12 07:58:26.471000,8
1725,83.3,223,10.2,2024-09-12 08:03:36.443000,8
1726,82.6,224,10.3,2024-09-12 08:08:46.593000,8
1727,82.2,225,10.3,2024-09-12 08:13:58.171000,8
1728,82.2,224,10.4,2024-09-12 08:19:08.397000,8
1729,81.7,226,10.5,2024-09-12 08:24:22.496000,8
1730,81.3,223,10.6,2024-09-12 08:29:38.301000,8
1731,80.6,219,10.8,2024-09-12 08:34:50.213000,9
1732,80.2,223,11,2024-09-12 08:40:00.442000,9
1733,78.8,230,11.4,2024-09-12 08:45:10.381000,9
1734,77.2,223,11.8,2024-09-12 08:50:20.750000,9
1735,74.4,226,12.6,2024-09-12 08:55:35.630000,9
1736,73.6,224,12.4,2024-09-12 09:00:48.641000,9
1737,74.5,223,12.6,2024-09-12 09:05:58.647000,9
1738,72.9,221,12.8,2024-09-12 09:11:08.263000,9
1739,73,222,13,2024-09-12 09:16:18.027000,9
1740,72.3,223,13,2024-09-12 09:21:27.898000,9
1741,73.5,222,12.9,2024-09-12 09:26:37.760000,9
1742,75.4,222,13,2024-09-12 09:31:47.629000,10
1743,73.4,226,13.7,2024-09-12 09:36:57.397000,10
1744,72.8,223,14.1,2024-09-12 09:42:07.261000,10
1745,68.2,223,14.3,2024-09-12 09:47:17.024000,10
1746,66.3,213,14.6,2024-09-12 09:52:27.653000,10
1747,63.5,225,14.9,2024-09-12 09:57:37.288000,10
1748,64.3,223,14.9,2024-09-12 10:02:47.036000,10
1749,61,222,15.3,2024-09-12 10:07:56.899000,10
1750,60.8,222,15.8,2024-09-12 10:13:12.325000,10
1751,60.6,222,15.9,2024-09-12 10:18:22.072000,10
1752,61,223,15.6,2024-09-12 10:23:31.631000,10
1753,59,228,15.9,2024-09-12 10:28:41.424000,10
1754,59.7,222,15.6,2024-09-12 10:33:53.609000,11
1755,59.7,224,15.4,2024-09-12 10:39:03.874000,11
1756,60.3,221,15.7,2024-09-12 10:49:31.600000,11
1757,60,222,15.9,2024-09-12 10:54:41.066000,11
1758,58.2,219,16.4,2024-09-12 10:59:50.725000,11
1759,56.3,225,16.9,2024-09-12 11:05:00.488000,11
1760,55.9,222,16.8,2024-09-12 11:10:10.256000,11
1761,56.3,222,16.6,2024-09-12 11:20:37.873000,11
1762,61.1,222,16,2024-09-12 11:25:47.557000,11
1763,61.3,222,16.1,2024-09-12 11:30:57.202000,12
1764,61.6,223,16.1,2024-09-12 11:36:06.761000,12
1765,60.4,223,17,2024-09-12 11:41:16.419000,12
1766,59.8,218,16.5,2024-09-12 11:46:26.080000,12
1767,59.9,223,16.2,2024-09-12 11:51:35.854000,12
1768,61.4,223,16.1,2024-09-12 11:56:45.406000,12
1769,63.2,223,15.5,2024-09-12 12:07:13.135000,12
1770,64.1,223,15.4,2024-09-12 12:12:22.793000,12
1771,98.5,213,10.4,2024-09-12 16:57:30.050000,17
1772,98.5,215,10.4,2024-09-12 16:57:57.789000,17
1773,98.5,214,10.4,2024-09-12 17:03:07.603000,17
1774,98.5,215,10.4,2024-09-12 17:08:17.583000,17
1775,98.5,217,10.5,2024-09-12 17:13:27.335000,17
1776,98.6,214,10.5,2024-09-12 17:18:37.203000,17
1777,98.6,215,10.5,2024-09-12 17:23:50.038000,17
1778,98.6,215,10.5,2024-09-12 17:28:59.906000,17
1779,98.7,215,10.5,2024-09-12 17:34:09.671000,18
1780,98.6,215,10.5,2024-09-12 17:39:19.541000,18
1781,98.7,214,10.4,2024-09-12 17:44:31.467000,18
1782,98.6,215,10.4,2024-09-12 17:49:41.573000,18
1783,98.7,214,10.3,2024-09-12 17:54:52.928000,18
1784,98.7,215,10.2,2024-09-12 18:00:02.692000,18
1785,98.8,215,10.2,2024-09-12 18:05:12.680000,18
1786,98.8,215,10,2024-09-12 18:10:22.757000,18
1787,98.8,217,9.9,2024-09-12 18:15:32.705000,18
1788,98.9,217,9.7,2024-09-12 18:20:42.568000,18
1789,98.9,215,9.6,2024-09-12 18:25:52.640000,18
1790,98.9,218,9.3,2024-09-12 18:31:02.613000,19
1791,98.9,217,9.2,2024-09-12 18:36:12.483000,19
1792,99,219,9.2,2024-09-12 18:41:22.445000,19
1793,98.9,217,9.2,2024-09-12 18:46:32.309000,19
1794,99,217,9.3,2024-09-12 18:51:42.183000,19
1795,99.1,217,9.4,2024-09-12 18:56:52.046000,19
1796,98.9,218,9.4,2024-09-12 19:02:01.918000,19
1797,98.9,218,9.5,2024-09-12 19:07:11.781000,19
1798,99,217,9.4,2024-09-12 19:12:21.651000,19
1799,99,218,9.3,2024-09-12 19:17:31.515000,19
1800,99.1,219,9.3,2024-09-12 19:22:42.008000,19
1801,98.9,219,9.4,2024-09-12 19:27:51.805000,19
1802,99,218,9.4,2024-09-12 19:33:01.632000,20
1803,99,217,9.3,2024-09-12 19:38:11.394000,20
1804,99,219,9.3,2024-09-12 19:43:21.545000,20
1805,99,218,9.4,2024-09-12 19:48:31.335000,20
1806,99,217,9.3,2024-09-12 19:53:41.112000,20
1807,99.2,218,9.3,2024-09-12 19:58:50.965000,20
1808,99,217,9.3,2024-09-12 20:04:03.627000,20
1809,99.1,216,9.3,2024-09-12 20:09:13.461000,20
1810,98.9,218,9.3,2024-09-12 20:14:23.225000,20
1811,99,217,9.3,2024-09-12 20:19:33.420000,20
1812,99.1,217,9.3,2024-09-12 20:24:43.164000,20
1813,99,217,9.1,2024-09-12 20:29:53.029000,20
1814,99,217,9,2024-09-12 20:35:02.897000,21
1815,99,218,9,2024-09-12 20:40:12.905000,21
1816,99.1,214,9,2024-09-12 20:45:22.738000,21
1817,99.1,217,9.1,2024-09-12 20:50:32.599000,21
1818,99.2,216,9.2,2024-09-12 20:55:42.944000,21
1819,99,216,9.1,2024-09-12 21:00:52.745000,21
1820,99,217,9.1,2024-09-12 21:06:02.609000,21
1821,98.8,217,9,2024-09-12 21:11:12.481000,21
1822,98.9,217,8.9,2024-09-12 21:16:22.357000,21
1823,98.8,217,8.8,2024-09-12 21:21:32.209000,21
1824,98.9,217,8.8,2024-09-12 21:26:42.290000,21
1825,98.7,216,8.7,2024-09-12 21:31:52.187000,22
1826,98.8,215,8.7,2024-09-12 21:37:02.015000,22
1827,98.9,216,8.7,2024-09-12 21:42:11.881000,22
1828,98.6,216,8.6,2024-09-12 21:47:21.746000,22
1829,98.7,217,8.6,2024-09-12 21:52:31.642000,22
1830,98.6,215,8.6,2024-09-12 21:57:41.489000,22
1831,98.8,218,8.6,2024-09-12 22:02:51.354000,22
1832,98.7,219,8.6,2024-09-12 22:08:01.474000,22
1833,98.9,215,8.7,2024-09-12 22:13:11.289000,22
1834,98.5,217,8.7,2024-09-12 22:18:21.155000,22
1835,98.8,218,8.8,2024-09-12 22:23:31.026000,22
1836,98.7,217,8.8,2024-09-12 22:28:40.885000,22
1837,98.5,217,8.8,2024-09-12 22:33:50.762000,23
1838,98.4,215,8.7,2024-09-12 22:39:00.729000,23
1839,98.4,217,8.7,2024-09-12 22:44:10.594000,23
1840,98.7,217,8.8,2024-09-12 22:49:20.462000,23
1841,98.5,218,8.7,2024-09-12 22:54:30.426000,23
1842,98,219,8.5,2024-09-12 22:59:40.296000,23
1843,96.2,217,8.3,2024-09-12 23:04:50.266000,23
1844,97.8,217,8.4,2024-09-12 23:10:00.237000,23
1845,98.2,217,8.4,2024-09-12 23:15:10.102000,23
1846,98.3,219,8.4,2024-09-12 23:20:20.075000,23
1847,98.2,218,8.4,2024-09-12 23:25:29.942000,23
1848,98.2,219,8.5,2024-09-12 23:30:39.806000,24
1849,98.1,217,8.4,2024-09-12 23:35:49.665000,24
1850,96.8,218,8.4,2024-09-12 23:40:59.640000,24
1851,97.7,218,8.4,2024-09-12 23:46:09.604000,24
1852,97.2,217,8.4,2024-09-12 23:51:19.475000,24
1853,98.1,218,8.3,2024-09-12 23:56:29.246000,24
1854,98.3,219,8.3,2024-09-13 00:01:39.107000,0
1855,98,216,8.2,2024-09-13 00:06:48.872000,0
1856,98.1,219,8.3,2024-09-13 00:11:58.734000,0
1857,98.2,217,8.2,2024-09-13 00:17:08.601000,0
1858,97.9,217,8.2,2024-09-13 00:22:18.366000,0
1859,97.9,218,8.2,2024-09-13 00:27:28.241000,0
1860,98.1,217,8.2,2024-09-13 00:32:38.099000,1
1861,98.2,219,8.2,2024-09-13 00:37:47.969000,1
1862,98.2,217,8.2,2024-09-13 00:42:57.834000,1
1863,97.7,217,8.2,2024-09-13 00:48:07.701000,1
1864,98,217,8.1,2024-09-13 00:53:17.565000,1
1865,97.8,216,8.1,2024-09-13 00:58:27.439000,1
1866,98.3,218,8.2,2024-09-13 01:03:37.302000,1
1867,98,218,8.2,2024-09-13 01:08:47.175000,1
1868,98,217,8.1,2024-09-13 01:13:57.034000,1
1869,98.1,217,8,2024-09-13 01:19:06.904000,1
1870,98.3,214,8,2024-09-13 01:24:16.765000,1
1871,98.5,217,8,2024-09-13 01:29:26.666000,1
1872,98.3,218,8,2024-09-13 01:34:36.504000,2
1873,98.2,218,7.8,2024-09-13 01:39:46.473000,2
1874,97.9,215,7.8,2024-09-13 01:44:56.334000,2
1875,98.1,217,7.6,2024-09-13 01:50:06.205000,2
1876,98.1,219,7.5,2024-09-13 01:55:16.174000,2
1877,97.8,219,7.4,2024-09-13 02:00:26.152000,2
1878,97.9,217,7.3,2024-09-13 02:05:36.119000,2
1879,97.9,218,7.2,2024-09-13 02:10:45.977000,2
1880,98,217,7.1,2024-09-13 02:15:55.946000,2
1881,98.2,218,7.1,2024-09-13 02:21:05.919000,2
1882,97.9,218,7,2024-09-13 02:26:15.884000,2
1883,98.3,219,7.1,2024-09-13 02:31:25.855000,3
1884,98,217,7.1,2024-09-13 02:36:35.825000,3
1885,98.5,219,7.3,2024-09-13 02:41:45.794000,3
1886,98.3,219,7.2,2024-09-13 02:46:55.764000,3
1887,98.7,220,7.4,2024-09-13 02:52:05.783000,3
1888,98.4,219,7.4,2024-09-13 02:57:15.594000,3
1889,98.5,218,7.4,2024-09-13 03:02:25.563000,3
1890,98.5,220,7.4,2024-09-13 03:07:35.533000,3
1891,98.3,219,7.3,2024-09-13 03:12:45.512000,3
1892,98.5,220,7.3,2024-09-13 03:17:55.472000,3
1893,98.2,217,7.3,2024-09-13 03:23:05.445000,3
1894,98.6,218,7.4,2024-09-13 03:28:15.311000,3
1895,98.5,219,7.4,2024-09-13 03:33:25.276000,4
1896,98.3,220,7.1,2024-09-13 03:38:35.240000,4
1897,98.2,218,7,2024-09-13 03:43:45.214000,4
1898,98.3,221,6.9,2024-09-13 03:48:55.194000,4
1899,98,217,6.7,2024-09-13 03:54:05.155000,4
1900,97.9,220,6.6,2024-09-13 03:59:15.122000,4
1901,98.2,219,6.4,2024-09-13 04:04:25.105000,4
1902,98.5,219,6.4,2024-09-13 04:09:35.490000,4
1903,98.3,221,6.3,2024-09-13 04:14:45.440000,4
1904,98.4,219,6.1,2024-09-13 04:19:55.514000,4
1905,98.2,219,5.9,2024-09-13 04:25:05.583000,4
1906,98.6,214,5.6,2024-09-13 04:30:15.756000,4
1907,98.4,219,5.5,2024-09-13 04:35:25.829000,5
1908,98.7,220,5.4,2024-09-13 04:40:36.071000,5
1909,98.8,221,5.2,2024-09-13 04:45:46.071000,5
1910,98.8,220,5.2,2024-09-13 04:50:56.243000,5
1911,98.7,219,5,2024-09-13 04:56:06.320000,5
1912,98.8,220,5,2024-09-13 05:01:16.387000,5
1913,98.6,220,4.8,2024-09-13 05:06:26.460000,5
1914,98.8,220,4.6,2024-09-13 05:11:36.531000,5
1915,98.9,220,4.6,2024-09-13 05:16:46.600000,5
1916,98.7,220,4.4,2024-09-13 05:21:56.675000,5
1917,98.6,222,4.3,2024-09-13 05:27:06.748000,5
1918,98.6,221,4.4,2024-09-13 05:32:16.918000,6
1919,98.6,220,4.3,2024-09-13 05:37:27.095000,6
1920,98.8,220,4.4,2024-09-13 05:42:37.265000,6
1921,98.7,219,4.2,2024-09-13 05:47:47.440000,6
1922,98.6,222,4.2,2024-09-13 05:52:57.715000,6
1923,98.5,222,4.1,2024-09-13 05:58:07.889000,6
1924,98.5,220,4.1,2024-09-13 06:03:18.060000,6
1925,98.6,221,3.9,2024-09-13 06:08:28.240000,6
1926,98.6,220,3.8,2024-09-13 06:13:38.512000,6
1927,98.8,220,3.8,2024-09-13 06:18:48.683000,6
1928,98.9,219,3.7,2024-09-13 06:23:58.964000,6
1929,99.2,221,3.6,2024-09-13 06:29:09.239000,6
1930,99.1,220,3.6,2024-09-13 06:34:19.408000,7
1931,99.2,220,3.8,2024-09-13 06:39:29.585000,7
1932,99.1,221,3.7,2024-09-13 06:44:39.759000,7
1933,99,221,3.9,2024-09-13 06:49:49.932000,7
1934,99.1,220,3.9,2024-09-13 06:55:00.112000,7
1935,99.1,220,4.2,2024-09-13 07:00:10.487000,7
1936,98.9,220,4.2,2024-09-13 07:05:20.664000,7
1937,99.1,222,4.3,2024-09-13 07:10:30.836000,7
1938,98.8,221,4.4,2024-09-13 07:15:40.904000,7
1939,97.9,221,4.5,2024-09-13 07:20:51.078000,7
1940,98.1,222,4.5,2024-09-13 07:26:01.148000,7
1941,97.8,221,4.7,2024-09-13 07:31:11.217000,8
1942,98.1,221,4.7,2024-09-13 07:36:21.324000,8
1943,98.4,220,4.8,2024-09-13 07:41:31.467000,8
1944,96.3,221,4.8,2024-09-13 07:46:41.639000,8
1945,98.1,221,5.2,2024-09-13 07:51:51.712000,8
1946,98,221,5.4,2024-09-13 07:57:01.681000,8
1947,97.7,220,5.7,2024-09-13 08:02:11.749000,8
1948,97.9,220,6,2024-09-13 08:07:22.920000,8
1949,97.6,219,6.2,2024-09-13 08:12:33.024000,8
1950,97.1,220,6.4,2024-09-13 08:17:43.014000,8
1951,96.9,219,6.7,2024-09-13 08:22:53.675000,8
1952,95.3,220,6.9,2024-09-13 08:28:03.636000,8
1953,94.2,219,7,2024-09-13 08:33:13.611000,9
1954,95.6,220,7.1,2024-09-13 08:38:25.025000,9
1955,96.7,219,7.4,2024-09-13 08:43:35.520000,9
1956,96.7,219,7.6,2024-09-13 08:48:45.374000,9
1957,96.4,220,7.8,2024-09-13 08:53:55.232000,9
1958,91.8,221,7.7,2024-09-13 08:59:07.556000,9
1959,93.6,220,8,2024-09-13 09:04:17.420000,9
1960,94.8,220,8.1,2024-09-13 09:09:27.285000,9
1961,94.2,221,8.3,2024-09-13 09:14:40.945000,9
1962,93.5,220,8.5,2024-09-13 09:19:50.986000,9
1963,88.4,220,8.6,2024-09-13 09:25:01.852000,9
1964,89.8,220,8.6,2024-09-13 09:30:11.989000,10
1965,75.1,221,9.1,2024-09-13 09:35:21.739000,10
1966,70.5,219,9.5,2024-09-13 09:40:32.114000,10
1967,67.3,219,9.6,2024-09-13 09:45:41.988000,10
1968,66.7,219,9.6,2024-09-13 09:50:51.848000,10
1969,65.7,220,9.8,2024-09-13 09:56:01.942000,10
1970,62.5,220,9.9,2024-09-13 10:01:11.890000,10
1971,67.7,220,9.9,2024-09-13 10:06:21.760000,10
1972,66,221,9.9,2024-09-13 10:11:31.626000,10
1973,61.1,220,9.9,2024-09-13 10:16:41.897000,10
1974,56.7,221,10.1,2024-09-13 10:21:57.667000,10
1975,64,219,10.2,2024-09-13 10:27:07.369000,10
1976,62.2,222,10.4,2024-09-13 10:32:17.138000,11
1977,63.5,221,10.5,2024-09-13 10:37:27.297000,11
1978,62.7,221,10.5,2024-09-13 10:42:37.424000,11
1979,62.1,219,10.8,2024-09-13 10:47:47.048000,11
1980,59.4,222,10.9,2024-09-13 10:52:57.069000,11
1981,56,220,11.2,2024-09-13 10:58:06.804000,11
1982,56.1,221,11.2,2024-09-13 11:03:17.221000,11
1983,54.9,220,11.3,2024-09-13 11:08:37.013000,11
1984,60.9,219,11.2,2024-09-13 11:13:48.851000,11
1985,59,220,11.5,2024-09-13 11:18:58.646000,11
1986,53.3,220,11.6,2024-09-13 11:24:09.605000,11
1987,58.1,220,11.5,2024-09-13 11:29:19.647000,11
1988,50.1,221,12.4,2024-09-13 11:34:29.806000,12
1989,51.9,220,12.4,2024-09-13 11:39:39.997000,12
1990,54.6,221,12.8,2024-09-13 11:44:49.598000,12
1991,55,222,12.6,2024-09-13 11:49:59.373000,12
1992,51,220,13,2024-09-13 11:55:09.406000,12
1993,57.1,219,12.9,2024-09-13 12:00:19.614000,12
1994,50.9,220,13.4,2024-09-13 12:05:29.648000,12
1995,51.4,219,13,2024-09-13 12:10:39.343000,12
1996,59.4,221,13.2,2024-09-13 12:15:49,12
1997,57,221,13.3,2024-09-13 12:20:58.770000,12
1998,50.6,220,13.4,2024-09-13 12:26:11.501000,12
1999,52.5,222,13.3,2024-09-13 12:31:22.776000,13
2000,49.3,222,13.6,2024-09-13 12:36:32.377000,13
2001,53.7,221,13.7,2024-09-13 12:41:45.378000,13
2002,48.6,221,13.8,2024-09-13 12:46:55.416000,13
2003,51.1,221,13.8,2024-09-13 12:52:05.028000,13
2004,55.7,221,14,2024-09-13 12:57:14.586000,13
2005,52.6,221,14.2,2024-09-13 13:02:24.256000,13
2006,45.4,218,14.2,2024-09-13 13:07:35.109000,13
2007,48.6,220,14.8,2024-09-13 13:12:46.521000,13
2008,46.5,221,14.4,2024-09-13 13:17:56.330000,13
2009,45.2,222,14.7,2024-09-13 13:23:07.806000,13
2010,48.1,221,15,2024-09-13 13:28:21.010000,13
2011,46.3,222,15.5,2024-09-13 13:33:30.527000,14
2012,42.4,220,15.2,2024-09-13 13:38:39.988000,14
2013,45.1,219,15.6,2024-09-13 13:43:49.601000,14
2014,45.8,220,15.9,2024-09-13 13:49:03.461000,14
2015,45.3,220,15.9,2024-09-13 13:54:15.003000,14
2016,45.2,220,16.8,2024-09-13 13:59:24.460000,14
2017,43.7,219,16.7,2024-09-13 14:04:34.018000,14
2018,40.9,220,15.9,2024-09-13 14:09:44.199000,14
2019,41.5,221,15.7,2024-09-13 14:14:54.265000,14
2020,44,220,16.1,2024-09-13 14:20:03.832000,14
2021,41.4,220,16.2,2024-09-13 14:25:13.389000,14
2022,42.2,221,16.4,2024-09-13 14:30:22.936000,14
2023,39.5,220,16.2,2024-09-13 14:35:32.607000,15
2024,38.5,220,16.5,2024-09-13 14:40:42.271000,15
2025,39.8,220,16.1,2024-09-13 14:45:52.135000,15
2026,40.2,219,16,2024-09-13 14:51:01.697000,15
2027,42.8,219,16.5,2024-09-13 14:56:11.153000,15
2028,43.2,221,16.5,2024-09-13 15:01:21.477000,15
2029,44.2,221,16.4,2024-09-13 15:06:31.306000,15
2030,41.5,221,16.4,2024-09-13 15:11:41.074000,15
2031,42.2,221,16.1,2024-09-13 15:16:50.872000,15
2032,41.7,221,15.8,2024-09-13 15:22:00.719000,15
2033,45.2,220,15.9,2024-09-13 15:27:10.148000,15
2034,44,221,15.9,2024-09-13 15:32:19.706000,16
2035,44.5,221,15.9,2024-09-13 15:37:29.166000,16
2036,42.2,219,15.9,2024-09-13 15:42:38.720000,16
2037,41.4,219,15.9,2024-09-13 15:47:48.280000,16
2038,44.9,220,15.8,2024-09-13 15:52:57.843000,16
2039,45.5,220,16,2024-09-13 15:58:07.400000,16
2040,45.6,217,15.8,2024-09-13 16:03:16.960000,16
2041,47.2,219,15.9,2024-09-13 16:08:26.415000,16
2042,45.7,220,16,2024-09-13 16:13:35.978000,16
2043,44.7,219,16.1,2024-09-13 16:18:45.742000,16
2044,44.8,220,16,2024-09-13 16:23:55.411000,16
2045,45.8,220,16.1,2024-09-13 16:29:05.087000,16
2046,44.3,219,16,2024-09-13 16:34:14.722000,17
2047,44.3,221,15.8,2024-09-13 16:39:24.386000,17
2048,44.3,220,15.8,2024-09-13 16:44:34.048000,17
2049,45.2,221,15.9,2024-09-13 16:49:43.712000,17
2050,46.1,221,15.6,2024-09-13 17:00:11.432000,17
2051,47,222,15.6,2024-09-13 17:05:21.195000,17
2052,46.8,220,15.5,2024-09-13 17:10:30.959000,17
2053,48.4,222,15.3,2024-09-13 17:15:40.719000,17
2054,49,220,14.9,2024-09-13 17:20:50.489000,17
2055,50.3,222,14.7,2024-09-13 17:26:00.148000,17
2056,50.2,221,14.6,2024-09-13 17:31:09.918000,18
2057,51.1,222,14.4,2024-09-13 17:36:19.684000,18
2058,52.5,222,14.1,2024-09-13 17:41:29.444000,18
2059,53,221,14,2024-09-13 17:46:39.208000,18
2060,54.2,221,13.7,2024-09-13 17:51:49.076000,18
2061,55.6,220,13.6,2024-09-13 17:56:58.945000,18
2062,56.5,223,13.4,2024-09-13 18:02:08.706000,18
2063,57.9,216,13.2,2024-09-13 18:07:18.583000,18
2064,59.3,223,13,2024-09-13 18:12:28.446000,18
2065,61.3,221,12.7,2024-09-13 18:22:56.571000,18
2066,62.3,221,12.3,2024-09-13 18:38:42.876000,19
2067,62.4,220,12.1,2024-09-13 18:43:52.631000,19
2068,63.4,221,11.9,2024-09-13 18:49:02.389000,19
2069,66.3,218,11.5,2024-09-13 18:59:30.215000,19
2070,66.9,220,11.4,2024-09-13 19:04:39.980000,19
2071,67.7,222,11.3,2024-09-13 19:09:49.844000,19
2072,69.1,220,11,2024-09-13 19:20:17.772000,19
2073,71,220,10.9,2024-09-13 19:25:27.566000,19
2074,70.7,222,10.9,2024-09-13 19:30:37.409000,20
2075,71.9,217,10.6,2024-09-13 19:51:41.753000,20
2076,70.6,221,10.4,2024-09-13 19:56:51.515000,20
2077,70.7,219,13.9,2024-09-14 10:10:19.989000,10
2078,70.5,218,14,2024-09-14 10:15:22.376000,10
